Date,Time,Booking_ID,Booking_Status,Customer_ID,Vehicle_Type,Pickup_Location,Drop_Location,V_TAT,C_TAT,Canceled_Rides_by_Customer,Canceled_Rides_by_Driver,Incomplete_Rides,Incomplete_Rides_Reason,Booking_Value,Payment_Method,Ride_Distance,Driver_Ratings,Customer_Rating,Fare_Per_KM
2024-07-28 10:29:00,10:29:00,CNR3491700602,Success,CID247449,Mini,Richmond Town,Langford Town,84.0,145.0,,,No,,2542,UPI,2,"3,5","4,1",1271.0
2024-07-25 11:15:00,11:15:00,CNR4484571820,Success,CID645793,Auto,HSR Layout,Hosur Road,133.0,145.0,,,No,,2388,Cash,4,"4,4","3,6",597.0
2024-07-20 00:11:00,00:11:00,CNR3136784868,Success,CID703583,Prime SUV,Shivajinagar,Indiranagar,63.0,125.0,,,No,,1033,Cash,2,"4,1","3,6",516.5
2024-07-11 08:02:00,08:02:00,CNR4679441912,Success,CID501578,Bike,JP Nagar,Shivajinagar,224.0,130.0,,,No,,2655,Cash,4,"3,1","4,4",663.75
2024-07-01 03:07:00,03:07:00,CNR1647637548,Success,CID801387,Mini,Shivajinagar,Peenya,49.0,75.0,,,No,,615,UPI,1,"4,2","4,9",615.0
2024-07-04 04:33:00,04:33:00,CNR3686926291,Success,CID868427,eBike,Ramamurthy Nagar,MG Road,56.0,45.0,,,No,,2944,Cash,3,"4,6","4,8",981.3333333333334
2024-07-04 18:01:00,18:01:00,CNR1816364514,Success,CID953810,Auto,Varthur,Marathahalli,91.0,30.0,,,No,,809,UPI,1,"3,9","3,4",809.0
2024-07-04 13:43:00,13:43:00,CNR6482129028,Success,CID367560,Prime SUV,Frazer Town,Sarjapur Road,112.0,115.0,,,No,,2109,Cash,2,"3,1","4,5",1054.5
2024-07-17 17:43:00,17:43:00,CNR3096920957,Success,CID738485,Auto,Devanahalli,Indiranagar,280.0,25.0,,,No,,2851,UPI,2,"3,8","3,4",1425.5
2024-07-07 14:17:00,14:17:00,CNR3092594393,Success,CID747844,Bike,Electronic City,Kadugodi,301.0,50.0,,,No,,532,UPI,1,"4,5",3,532.0
2024-07-17 15:48:00,15:48:00,CNR4114636391,Success,CID614929,Prime SUV,Ramamurthy Nagar,Magadi Road,273.0,60.0,,,No,,602,Cash,1,"4,7","3,2",602.0
2024-07-29 20:53:00,20:53:00,CNR7572599002,Success,CID449704,Mini,Basavanagudi,Yelahanka,112.0,40.0,,,No,,2222,Cash,2,"3,5","3,8",1111.0
2024-07-08 00:07:00,00:07:00,CNR9159336322,Success,CID416459,Mini,Tumkur Road,Cox Town,259.0,50.0,,,No,,1941,Cash,2,"3,4","4,4",970.5
2024-07-14 13:28:00,13:28:00,CNR4932216720,Success,CID353074,Prime Plus,Yelahanka,KR Puram,133.0,120.0,,,No,,2841,Cash,4,"3,9","4,5",710.25
2024-07-12 08:21:00,08:21:00,CNR9727132371,Success,CID883613,Mini,Banashankari,Rajajinagar,126.0,120.0,,,No,,1762,Cash,1,5,"4,7",1762.0
2024-07-25 00:32:00,00:32:00,CNR9176692818,Success,CID585812,eBike,Tumkur Road,Chamarajpet,56.0,45.0,,,Yes,Other Issue,506,UPI,1,"3,9","4,2",506.0
2024-07-14 05:24:00,05:24:00,CNR2502459946,Success,CID229895,Auto,Vijayanagar,Magadi Road,273.0,65.0,,,No,,784,UPI,1,"4,3","4,9",784.0
2024-07-05 01:56:00,01:56:00,CNR4532055421,Success,CID728748,Auto,Indiranagar,Banashankari,70.0,110.0,,,No,,2131,UPI,1,4,"3,5",2131.0
2024-07-27 12:58:00,12:58:00,CNR8312972750,Success,CID872275,Prime Sedan,Electronic City,Devanahalli,203.0,140.0,,,No,,582,Cash,1,"4,8","3,2",582.0
2024-07-10 11:27:00,11:27:00,CNR3397571158,Success,CID646417,Prime Sedan,KR Puram,Marathahalli,98.0,140.0,,,No,,2248,Cash,2,4,"4,5",1124.0
2024-07-25 07:24:00,07:24:00,CNR2975379001,Success,CID389331,Mini,Hebbal,Kengeri,224.0,45.0,,,No,,841,Cash,1,5,"4,9",841.0
2024-07-24 01:35:00,01:35:00,CNR3986096355,Success,CID599069,Mini,Peenya,Majestic,133.0,100.0,,,No,,2968,Cash,3,"3,3","4,1",989.3333333333334
2024-07-28 10:32:00,10:32:00,CNR4223028796,Success,CID335024,Prime Plus,Tumkur Road,Chamarajpet,280.0,65.0,,,No,,2776,Cash,5,"3,9","3,3",555.2
2024-07-04 16:36:00,16:36:00,CNR5331834337,Success,CID807183,eBike,Peenya,Yeshwanthpur,196.0,145.0,,,No,,559,UPI,1,"3,8","3,2",559.0
2024-07-14 16:19:00,16:19:00,CNR4739223889,Success,CID569733,Auto,Vijayanagar,Kadugodi,301.0,100.0,,,No,,845,UPI,1,4,"4,4",845.0
2024-07-18 07:10:00,07:10:00,CNR2941995612,Success,CID264951,eBike,Richmond Town,Yelahanka,280.0,35.0,,,No,,818,UPI,1,"4,6","4,6",818.0
2024-07-29 16:46:00,16:46:00,CNR5180141101,Success,CID119847,Auto,Sarjapur Road,Mysore Road,105.0,70.0,,,Yes,Vehicle Breakdown,492,Cash,1,"3,5","3,8",492.0
2024-07-19 23:07:00,23:07:00,CNR2976091323,Success,CID976944,Auto,Mysore Road,Kammanahalli,140.0,40.0,,,No,,2763,Cash,3,"3,6","3,3",921.0
2024-07-08 14:43:00,14:43:00,CNR8392214124,Success,CID850924,Bike,Bellandur,Nagarbhavi,63.0,55.0,,,No,,754,Cash,1,"4,3","3,6",754.0
2024-07-18 13:05:00,13:05:00,CNR7890526538,Success,CID661626,Bike,RT Nagar,Magadi Road,77.0,110.0,,,No,,2503,Cash,2,"3,7","3,9",1251.5
2024-07-18 19:11:00,19:11:00,CNR5734265013,Success,CID445783,Bike,Nagarbhavi,BTM Layout,105.0,115.0,,,No,,2348,UPI,4,5,"3,1",587.0
2024-07-08 14:44:00,14:44:00,CNR7715425123,Success,CID212818,Mini,Ulsoor,Hebbal,63.0,135.0,,,No,,1460,Cash,3,"3,6","4,9",486.6666666666667
2024-07-21 20:23:00,20:23:00,CNR1119482206,Success,CID952437,Prime Sedan,Kammanahalli,HSR Layout,189.0,45.0,,,No,,659,Cash,1,"3,6","4,5",659.0
2024-07-26 09:49:00,09:49:00,CNR5589128211,Success,CID561214,Auto,Electronic City,Hulimavu,259.0,120.0,,,No,,1780,Cash,3,"4,5","4,9",593.3333333333334
2024-07-10 04:53:00,04:53:00,CNR8379038144,Success,CID912134,Mini,Cox Town,Vijayanagar,49.0,50.0,,,No,,915,Cash,1,"4,4","3,9",915.0
2024-07-04 10:44:00,10:44:00,CNR7645293592,Success,CID468004,Bike,Whitefield,Ramamurthy Nagar,273.0,105.0,,,No,,1952,Cash,4,"3,5","4,3",488.0
2024-07-22 20:46:00,20:46:00,CNR2234459363,Success,CID971015,Bike,Varthur,Hulimavu,77.0,50.0,,,No,,2069,Cash,2,"3,8","3,8",1034.5
2024-07-12 18:07:00,18:07:00,CNR2084461852,Success,CID859167,Auto,Richmond Town,Kammanahalli,35.0,45.0,,,No,,2734,Cash,4,"4,6","3,8",683.5
2024-07-21 22:38:00,22:38:00,CNR4488003460,Success,CID137254,Prime SUV,Nagarbhavi,Yeshwanthpur,301.0,30.0,,,No,,2329,UPI,4,"4,9","3,7",582.25
2024-07-07 13:15:00,13:15:00,CNR2989512591,Success,CID537167,Prime Sedan,KR Puram,Koramangala,56.0,100.0,,,No,,2266,UPI,1,"3,3","3,5",2266.0
2024-07-17 07:03:00,07:03:00,CNR5981241712,Success,CID325869,Auto,Magadi Road,Shantinagar,49.0,85.0,,,No,,2360,Cash,2,"3,4","4,3",1180.0
2024-07-20 07:58:00,07:58:00,CNR7330668307,Success,CID689804,Prime Sedan,Cox Town,Tumkur Road,273.0,30.0,,,No,,2361,UPI,4,"4,9","3,4",590.25
2024-07-02 00:35:00,00:35:00,CNR5012898155,Success,CID599154,Prime Sedan,Ulsoor,Malleshwaram,189.0,30.0,,,No,,885,Cash,1,5,"4,3",885.0
2024-07-03 05:40:00,05:40:00,CNR1602223940,Success,CID573395,Auto,Mysore Road,Mysore Road,266.0,70.0,,,No,,2525,Cash,4,3,"3,9",631.25
2024-07-13 03:36:00,03:36:00,CNR1170048627,Success,CID652254,Prime Sedan,Yeshwanthpur,Varthur,119.0,75.0,,,No,,970,Cash,2,"4,3","4,4",485.0
2024-07-08 17:35:00,17:35:00,CNR2132755957,Success,CID298309,Prime SUV,Varthur,Indiranagar,189.0,85.0,,,Yes,Vehicle Breakdown,995,Cash,2,"4,4","3,6",497.5
2024-07-18 04:06:00,04:06:00,CNR7540354655,Success,CID632974,Bike,Hulimavu,Varthur,231.0,65.0,,,No,,1323,Cash,2,"4,8","3,8",661.5
2024-07-25 18:02:00,18:02:00,CNR2510555900,Success,CID684528,Prime Plus,Frazer Town,Malleshwaram,77.0,85.0,,,No,,975,UPI,2,"4,9","3,8",487.5
2024-07-29 16:11:00,16:11:00,CNR4245829562,Success,CID331369,Mini,Tumkur Road,Devanahalli,280.0,130.0,,,No,,1884,Cash,3,3,"4,8",628.0
2024-07-15 13:05:00,13:05:00,CNR5027055473,Success,CID683844,Prime Plus,Bellandur,Langford Town,259.0,125.0,,,No,,2412,Cash,2,"4,6","3,1",1206.0
2024-07-16 21:01:00,21:01:00,CNR3807926935,Success,CID832774,eBike,Vijayanagar,Frazer Town,266.0,75.0,,,No,,2822,UPI,3,"4,5",4,940.6666666666666
2024-07-16 00:31:00,00:31:00,CNR8007799254,Success,CID385880,Prime Sedan,Kammanahalli,Sarjapur Road,252.0,125.0,,,No,,2888,UPI,4,"3,8","3,2",722.0
2024-07-29 06:02:00,06:02:00,CNR9279477444,Success,CID420911,eBike,Indiranagar,Langford Town,133.0,45.0,,,No,,562,UPI,1,"3,8","4,2",562.0
2024-07-02 23:55:00,23:55:00,CNR6790174971,Success,CID441250,Mini,Padmanabhanagar,RT Nagar,70.0,65.0,,,No,,1394,UPI,2,"4,4","4,9",697.0
2024-07-25 10:33:00,10:33:00,CNR2822059177,Success,CID696968,Mini,Hulimavu,Varthur,105.0,100.0,,,Yes,Customer Demand,2045,Cash,3,"4,1","4,9",681.6666666666666
2024-07-27 19:22:00,19:22:00,CNR6441202137,Success,CID435208,Prime Sedan,Basavanagudi,Ulsoor,217.0,115.0,,,No,,702,Cash,1,"4,2","4,4",702.0
2024-07-28 01:50:00,01:50:00,CNR3507661717,Success,CID496362,Auto,Majestic,Shivajinagar,112.0,60.0,,,No,,491,Cash,1,"4,7","4,7",491.0
2024-07-29 12:12:00,12:12:00,CNR7945974515,Success,CID230040,Prime SUV,Shivajinagar,Rajajinagar,133.0,125.0,,,No,,490,Cash,1,"3,7",4,490.0
2024-07-26 13:57:00,13:57:00,CNR5885352166,Success,CID129504,Bike,Jayanagar,Vijayanagar,161.0,25.0,,,No,,899,UPI,1,"3,2","4,5",899.0
2024-07-21 17:27:00,17:27:00,CNR8030087306,Success,CID822056,Bike,Bellandur,MG Road,77.0,105.0,,,No,,2069,UPI,1,"4,2","3,8",2069.0
2024-07-11 16:49:00,16:49:00,CNR9795679404,Success,CID374233,Bike,Nagarbhavi,RT Nagar,259.0,60.0,,,No,,2238,UPI,4,"4,1","3,6",559.5
2024-07-26 07:39:00,07:39:00,CNR8472371104,Success,CID741261,Mini,Malleshwaram,Vijayanagar,266.0,110.0,,,No,,528,Cash,1,"3,3","3,9",528.0
2024-07-04 19:46:00,19:46:00,CNR9560875398,Success,CID790915,Auto,Peenya,Richmond Town,147.0,50.0,,,Yes,Customer Demand,606,Cash,1,"3,6","4,8",606.0
2024-07-25 20:16:00,20:16:00,CNR6466436239,Success,CID774542,Auto,Richmond Town,Electronic City,217.0,100.0,,,No,,2928,Cash,1,"4,6","4,4",2928.0
2024-07-04 14:39:00,14:39:00,CNR5021228216,Success,CID883160,Prime Plus,Koramangala,HSR Layout,161.0,115.0,,,No,,940,UPI,1,"4,2","4,2",940.0
2024-07-13 14:43:00,14:43:00,CNR8048757953,Success,CID965571,Mini,Sahakar Nagar,Chamarajpet,231.0,80.0,,,No,,918,UPI,1,"3,8","3,8",918.0
2024-07-02 18:59:00,18:59:00,CNR8085516918,Success,CID150442,Bike,Chamarajpet,Varthur,224.0,115.0,,,No,,2993,UPI,3,"3,8","3,4",997.6666666666666
2024-07-12 14:20:00,14:20:00,CNR2802398614,Success,CID571425,Auto,Cox Town,Kengeri,91.0,95.0,,,No,,875,Cash,1,"4,4",5,875.0
2024-07-30 22:32:00,22:32:00,CNR9021264849,Success,CID959757,eBike,Magadi Road,Magadi Road,210.0,35.0,,,No,,2920,Cash,1,"4,6","4,5",2920.0
2024-07-15 09:07:00,09:07:00,CNR3047071055,Success,CID388668,Prime Plus,MG Road,Mysore Road,252.0,40.0,,,No,,2932,UPI,1,"4,2","3,3",2932.0
2024-07-20 03:06:00,03:06:00,CNR8705681076,Success,CID376371,Mini,HSR Layout,MG Road,224.0,110.0,,,No,,1687,Cash,3,5,"3,4",562.3333333333334
2024-07-22 07:06:00,07:06:00,CNR2173118469,Success,CID716218,Mini,Vijayanagar,Cox Town,287.0,25.0,,,No,,1810,Cash,1,"3,9","4,8",1810.0
2024-07-01 08:46:00,08:46:00,CNR4363880091,Success,CID722489,Bike,Vijayanagar,Koramangala,287.0,25.0,,,No,,838,Cash,1,"4,4","3,1",838.0
2024-07-03 06:46:00,06:46:00,CNR8980403690,Success,CID201949,Auto,Ulsoor,Koramangala,224.0,110.0,,,No,,2366,Cash,4,5,"4,9",591.5
2024-07-29 04:16:00,04:16:00,CNR5902737021,Success,CID851909,eBike,BTM Layout,Kengeri,49.0,50.0,,,No,,510,Cash,1,"3,2","4,5",510.0
2024-07-22 01:02:00,01:02:00,CNR9668243444,Success,CID175758,Mini,BTM Layout,Sahakar Nagar,273.0,70.0,,,No,,2899,Cash,2,4,"4,8",1449.5
2024-07-03 10:12:00,10:12:00,CNR8509901642,Success,CID528228,Prime Sedan,Hulimavu,Peenya,126.0,70.0,,,No,,2226,Cash,4,"3,9","3,4",556.5
2024-07-07 20:04:00,20:04:00,CNR8703320313,Success,CID722130,Prime SUV,Ramamurthy Nagar,Mysore Road,203.0,125.0,,,No,,991,Cash,1,"3,4","4,5",991.0
2024-07-10 23:59:00,23:59:00,CNR4267059838,Success,CID410527,Bike,BTM Layout,Koramangala,175.0,100.0,,,No,,2605,Debit Card,3,"3,6","3,4",868.3333333333334
2024-07-04 12:07:00,12:07:00,CNR1830440550,Success,CID627045,Prime Sedan,Hebbal,Hulimavu,126.0,50.0,,,No,,998,Cash,2,"3,7","4,1",499.0
2024-07-20 11:41:00,11:41:00,CNR3842457027,Success,CID891469,Bike,Padmanabhanagar,Basavanagudi,105.0,135.0,,,No,,534,UPI,1,"3,7",3,534.0
2024-07-11 19:36:00,19:36:00,CNR2291669155,Success,CID272940,Auto,Padmanabhanagar,Ulsoor,308.0,30.0,,,No,,2550,UPI,3,"4,5","4,1",850.0
2024-07-23 23:34:00,23:34:00,CNR6927761986,Success,CID136343,Prime Sedan,Varthur,Chickpet,301.0,120.0,,,No,,2326,Cash,2,"4,9","3,7",1163.0
2024-07-07 02:24:00,02:24:00,CNR4444802368,Success,CID468129,Mini,Chamarajpet,Sarjapur Road,189.0,130.0,,,No,,502,UPI,1,"3,1","3,6",502.0
2024-07-02 14:29:00,14:29:00,CNR4120239587,Success,CID177697,Auto,Marathahalli,Hennur,77.0,30.0,,,No,,2377,Cash,3,"3,1","4,4",792.3333333333334
2024-07-09 05:37:00,05:37:00,CNR3607133751,Success,CID354493,Prime Sedan,Chamarajpet,Kadugodi,119.0,25.0,,,No,,496,Debit Card,1,"3,3","3,8",496.0
2024-07-27 10:31:00,10:31:00,CNR1219085257,Success,CID914789,Auto,Marathahalli,Bellandur,56.0,140.0,,,No,,1489,Cash,1,"4,5","3,9",1489.0
2024-07-12 10:44:00,10:44:00,CNR5457969005,Success,CID597407,Bike,Chamarajpet,Richmond Town,259.0,50.0,,,No,,2647,Cash,2,"3,3","3,1",1323.5
2024-07-17 15:05:00,15:05:00,CNR8718145701,Success,CID656887,Mini,Jayanagar,Mysore Road,154.0,65.0,,,No,,898,UPI,1,"3,3","3,1",898.0
2024-07-19 13:30:00,13:30:00,CNR8225042519,Success,CID136370,Auto,Kadugodi,Banashankari,231.0,120.0,,,No,,563,UPI,1,"4,4","3,8",563.0
2024-07-15 22:37:00,22:37:00,CNR7959938216,Success,CID633030,Auto,Whitefield,Hulimavu,266.0,55.0,,,No,,934,Cash,1,"4,9","4,5",934.0
2024-07-10 09:16:00,09:16:00,CNR7666123860,Success,CID506777,Prime SUV,Shivajinagar,Frazer Town,49.0,50.0,,,No,,843,Cash,1,"3,9","3,4",843.0
2024-07-03 04:00:00,04:00:00,CNR9418620541,Success,CID158748,Prime Sedan,MG Road,Sahakar Nagar,210.0,95.0,,,No,,605,Cash,1,"3,3",3,605.0
2024-07-11 13:34:00,13:34:00,CNR9335617898,Success,CID725538,Prime Plus,Bannerghatta Road,Kengeri,147.0,90.0,,,No,,655,UPI,1,"4,6","3,8",655.0
2024-07-24 19:52:00,19:52:00,CNR9876272617,Success,CID676516,Auto,Hosur Road,Yelahanka,238.0,105.0,,,No,,816,Cash,1,"4,3",4,816.0
2024-07-07 18:39:00,18:39:00,CNR9095100526,Success,CID595323,Bike,Rajarajeshwari Nagar,Shivajinagar,154.0,100.0,,,No,,805,UPI,1,"4,1","4,5",805.0
2024-07-30 11:38:00,11:38:00,CNR8224768638,Success,CID761513,Mini,Basavanagudi,Basavanagudi,203.0,85.0,,,No,,2647,Cash,4,"4,8",3,661.75
2024-07-04 08:56:00,08:56:00,CNR4992517191,Success,CID688426,eBike,Majestic,Bellandur,231.0,140.0,,,No,,2820,Cash,5,"3,8","4,4",564.0
2024-07-24 00:36:00,00:36:00,CNR8853531142,Success,CID268079,Auto,Devanahalli,Magadi Road,140.0,120.0,,,Yes,Vehicle Breakdown,959,Cash,1,"4,3","4,1",959.0
2024-07-01 11:07:00,11:07:00,CNR8129735691,Success,CID631594,Auto,Hosur Road,Frazer Town,168.0,95.0,,,No,,2598,Cash,5,"3,5","3,9",519.6
2024-07-01 20:04:00,20:04:00,CNR3299928544,Success,CID692649,Auto,Varthur,Vijayanagar,105.0,100.0,,,No,,2090,Cash,2,5,"3,1",1045.0
2024-07-12 22:32:00,22:32:00,CNR5930155935,Success,CID148750,eBike,Sarjapur Road,Kammanahalli,105.0,105.0,,,No,,992,UPI,1,"4,6","4,2",992.0
2024-07-20 04:15:00,04:15:00,CNR4390203692,Success,CID819225,Prime SUV,Koramangala,Hennur,140.0,75.0,,,No,,1155,Cash,1,"3,7","3,8",1155.0
2024-07-16 06:07:00,06:07:00,CNR4783573891,Success,CID119419,Prime Sedan,Tumkur Road,Marathahalli,147.0,120.0,,,No,,721,UPI,1,"3,7","3,4",721.0
2024-07-30 00:57:00,00:57:00,CNR9614696553,Success,CID754004,Prime SUV,JP Nagar,Kammanahalli,287.0,105.0,,,No,,501,UPI,1,"3,3","3,7",501.0
2024-07-15 17:22:00,17:22:00,CNR2468506039,Success,CID589200,Prime Plus,HSR Layout,Hebbal,98.0,50.0,,,No,,2323,UPI,3,"3,2","4,7",774.3333333333334
2024-07-09 01:35:00,01:35:00,CNR9776573923,Success,CID569401,Mini,Kadugodi,Mysore Road,84.0,60.0,,,No,,1138,Cash,2,"3,8","4,8",569.0
2024-07-14 08:31:00,08:31:00,CNR3360635666,Success,CID862159,Auto,Varthur,Electronic City,196.0,115.0,,,No,,1424,UPI,2,"3,5","4,1",712.0
2024-07-14 19:19:00,19:19:00,CNR9221334163,Success,CID433234,Auto,Varthur,Tumkur Road,77.0,30.0,,,No,,1591,Cash,1,"3,2","3,2",1591.0
2024-07-29 03:32:00,03:32:00,CNR3057620984,Success,CID896258,Mini,Rajarajeshwari Nagar,Devanahalli,210.0,100.0,,,No,,1904,UPI,1,"3,8","4,1",1904.0
2024-07-21 18:59:00,18:59:00,CNR1314635701,Success,CID536777,Prime Plus,Whitefield,JP Nagar,175.0,70.0,,,No,,1190,UPI,2,"3,3","3,8",595.0
2024-07-16 07:31:00,07:31:00,CNR5592259188,Success,CID128746,Auto,JP Nagar,Langford Town,259.0,140.0,,,No,,2601,Cash,5,"3,4","4,1",520.2
2024-07-09 20:44:00,20:44:00,CNR3291482342,Success,CID803555,Prime Plus,BTM Layout,Hebbal,245.0,65.0,,,No,,2274,Cash,3,"4,9","4,5",758.0
2024-07-19 18:05:00,18:05:00,CNR1669551196,Success,CID875782,eBike,Shivajinagar,HSR Layout,70.0,35.0,,,No,,1475,UPI,3,"3,6","3,6",491.6666666666667
2024-07-13 14:55:00,14:55:00,CNR5763521696,Success,CID653348,Bike,RT Nagar,Kadugodi,56.0,50.0,,,No,,856,UPI,1,"3,5","3,8",856.0
2024-07-03 22:51:00,22:51:00,CNR6010493496,Success,CID457835,eBike,Devanahalli,BTM Layout,126.0,55.0,,,No,,1040,Cash,2,"3,7","4,7",520.0
2024-07-13 09:47:00,09:47:00,CNR3835243117,Success,CID451770,eBike,Malleshwaram,Malleshwaram,259.0,125.0,,,No,,2565,Cash,2,"4,7","4,7",1282.5
2024-07-03 14:43:00,14:43:00,CNR9125868896,Success,CID643464,Mini,Kammanahalli,Jayanagar,252.0,130.0,,,No,,760,Cash,1,"3,2","3,9",760.0
2024-07-27 20:02:00,20:02:00,CNR4569331104,Success,CID109069,Bike,KR Puram,Peenya,105.0,120.0,,,No,,2210,Cash,1,"3,3","4,3",2210.0
2024-07-27 12:17:00,12:17:00,CNR8198981213,Success,CID538878,Auto,Banashankari,Banashankari,252.0,110.0,,,No,,496,UPI,1,4,"4,9",496.0
2024-07-08 13:56:00,13:56:00,CNR8907962323,Success,CID116124,Auto,Vijayanagar,Hosur Road,210.0,35.0,,,No,,2738,UPI,5,"4,4","3,8",547.6
2024-07-17 23:50:00,23:50:00,CNR1643257013,Success,CID181467,Auto,Kengeri,Langford Town,154.0,145.0,,,No,,1056,Cash,1,"3,2",5,1056.0
2024-07-05 06:06:00,06:06:00,CNR2874184184,Success,CID545849,eBike,Bannerghatta Road,Padmanabhanagar,245.0,95.0,,,No,,2659,Cash,5,"4,8","3,4",531.8
2024-07-09 07:50:00,07:50:00,CNR3289238820,Success,CID120556,Prime Sedan,Mysore Road,Kengeri,266.0,140.0,,,No,,2422,Cash,1,"3,3","3,6",2422.0
2024-07-26 18:14:00,18:14:00,CNR5238405860,Success,CID358229,Mini,Frazer Town,Chickpet,42.0,65.0,,,No,,839,UPI,1,"4,4","4,2",839.0
2024-07-11 23:19:00,23:19:00,CNR8291557625,Success,CID503862,Bike,RT Nagar,KR Puram,231.0,120.0,,,No,,2218,Credit Card,1,"3,3",4,2218.0
2024-07-13 20:43:00,20:43:00,CNR1438955069,Success,CID866627,Auto,Chickpet,Sarjapur Road,147.0,100.0,,,No,,984,UPI,1,"3,6","3,5",984.0
2024-07-16 13:51:00,13:51:00,CNR7365566863,Success,CID119714,Auto,Yeshwanthpur,Jayanagar,154.0,125.0,,,Yes,Vehicle Breakdown,905,Cash,1,"3,7","3,4",905.0
2024-07-10 20:51:00,20:51:00,CNR2215677628,Success,CID545003,Prime Plus,Kengeri,Yeshwanthpur,182.0,90.0,,,No,,1649,UPI,3,"4,8","3,5",549.6666666666666
2024-07-26 14:17:00,14:17:00,CNR2169767689,Success,CID735029,Prime SUV,Shantinagar,Chamarajpet,203.0,140.0,,,No,,610,Cash,1,4,"3,8",610.0
2024-07-03 22:01:00,22:01:00,CNR6831429706,Success,CID496389,Prime Sedan,Hebbal,RT Nagar,119.0,115.0,,,Yes,Customer Demand,2568,Cash,3,"4,5","4,1",856.0
2024-07-27 11:19:00,11:19:00,CNR4809263115,Success,CID280348,Auto,Koramangala,Yelahanka,70.0,120.0,,,No,,2630,Cash,2,"4,2","4,8",1315.0
2024-07-02 21:40:00,21:40:00,CNR5628944156,Success,CID600137,Mini,Jayanagar,Kammanahalli,301.0,130.0,,,No,,810,UPI,1,"4,2","3,8",810.0
2024-07-28 01:18:00,01:18:00,CNR1226216177,Success,CID755943,Auto,Malleshwaram,Shantinagar,154.0,30.0,,,Yes,Customer Demand,2317,Cash,2,"3,3","3,4",1158.5
2024-07-12 20:43:00,20:43:00,CNR9032209794,Success,CID444092,eBike,Padmanabhanagar,Bellandur,259.0,110.0,,,No,,1786,Cash,1,"4,2","3,7",1786.0
2024-07-05 06:28:00,06:28:00,CNR1132326701,Success,CID149595,Auto,Padmanabhanagar,Sarjapur Road,70.0,25.0,,,No,,887,Cash,1,"3,3",5,887.0
2024-07-15 15:39:00,15:39:00,CNR5217504140,Success,CID656928,Prime Plus,Indiranagar,Rajarajeshwari Nagar,119.0,90.0,,,No,,2678,Cash,3,"4,5","3,1",892.6666666666666
2024-07-13 23:50:00,23:50:00,CNR1132666600,Success,CID658232,Auto,RT Nagar,Langford Town,98.0,145.0,,,No,,984,Cash,1,3,4,984.0
2024-07-16 23:45:00,23:45:00,CNR7385175309,Success,CID900588,Auto,Frazer Town,Whitefield,161.0,85.0,,,No,,731,UPI,1,"3,8","3,2",731.0
2024-07-02 13:14:00,13:14:00,CNR8804564022,Success,CID570492,Prime Sedan,Ulsoor,MG Road,182.0,120.0,,,No,,561,Cash,1,"3,3","4,7",561.0
2024-07-05 17:25:00,17:25:00,CNR4108085890,Success,CID609489,eBike,MG Road,Bellandur,266.0,120.0,,,No,,1852,UPI,3,"4,2","4,1",617.3333333333334
2024-07-08 00:13:00,00:13:00,CNR8409773258,Success,CID240428,Bike,Vijayanagar,Chamarajpet,203.0,135.0,,,No,,2855,UPI,1,"4,1",4,2855.0
2024-07-13 03:21:00,03:21:00,CNR4808280230,Success,CID194546,Prime Sedan,Kadugodi,Tumkur Road,98.0,80.0,,,No,,1548,Cash,1,"4,9","3,6",1548.0
2024-07-21 04:22:00,04:22:00,CNR3097242857,Success,CID901423,Prime SUV,Yeshwanthpur,Shantinagar,175.0,55.0,,,No,,2937,UPI,4,"4,3","3,8",734.25
2024-07-02 18:34:00,18:34:00,CNR8270765383,Success,CID241650,Prime Plus,Banashankari,Banashankari,133.0,105.0,,,No,,1246,UPI,2,"3,6","3,1",623.0
2024-07-11 08:18:00,08:18:00,CNR1504161835,Success,CID939725,Prime Sedan,Cox Town,Kammanahalli,112.0,80.0,,,No,,1180,UPI,1,3,"3,4",1180.0
2024-07-20 14:05:00,14:05:00,CNR3342910239,Success,CID774822,Mini,Yeshwanthpur,Jayanagar,98.0,50.0,,,No,,2933,Cash,2,"4,4","3,9",1466.5
2024-07-05 13:29:00,13:29:00,CNR5993946371,Success,CID428823,Prime Plus,Indiranagar,Bellandur,203.0,120.0,,,No,,979,UPI,1,"4,6","3,4",979.0
2024-07-17 08:22:00,08:22:00,CNR6035828259,Success,CID639685,Auto,Devanahalli,Bannerghatta Road,175.0,130.0,,,No,,741,UPI,1,"3,7","4,2",741.0
2024-07-19 05:18:00,05:18:00,CNR7997805826,Success,CID774194,eBike,Kengeri,Rajarajeshwari Nagar,35.0,145.0,,,No,,785,UPI,1,"3,1","3,9",785.0
2024-07-19 13:39:00,13:39:00,CNR6476056018,Success,CID887023,Prime Sedan,Hennur,Kengeri,252.0,75.0,,,Yes,Vehicle Breakdown,927,UPI,1,"3,2","3,4",927.0
2024-07-25 07:57:00,07:57:00,CNR5580150945,Success,CID353161,Prime Plus,Shivajinagar,Banashankari,105.0,85.0,,,No,,2866,UPI,5,"3,9","3,1",573.2
2024-07-29 06:30:00,06:30:00,CNR7193115887,Success,CID579824,Prime SUV,Padmanabhanagar,Jayanagar,63.0,45.0,,,No,,831,Cash,1,"3,8","4,6",831.0
2024-07-10 13:16:00,13:16:00,CNR7347341345,Success,CID229638,Auto,Chamarajpet,Nagarbhavi,231.0,100.0,,,No,,989,UPI,2,"4,2","3,1",494.5
2024-07-24 19:48:00,19:48:00,CNR2257563893,Success,CID588951,Mini,Chamarajpet,MG Road,266.0,130.0,,,No,,692,UPI,1,"3,7",4,692.0
2024-07-22 04:32:00,04:32:00,CNR6063014445,Success,CID328810,Prime Plus,Koramangala,JP Nagar,308.0,85.0,,,No,,947,Cash,1,"3,3","3,3",947.0
2024-07-28 06:57:00,06:57:00,CNR6620311877,Success,CID693691,Auto,Jayanagar,Padmanabhanagar,42.0,55.0,,,No,,2701,UPI,4,"3,3","4,7",675.25
2024-07-15 15:29:00,15:29:00,CNR3606276506,Success,CID949331,eBike,Richmond Town,Padmanabhanagar,301.0,95.0,,,No,,1947,Cash,1,"4,9","3,5",1947.0
2024-07-28 19:49:00,19:49:00,CNR8423252459,Success,CID936094,Auto,Kadugodi,Devanahalli,63.0,25.0,,,No,,887,Cash,1,"4,2",5,887.0
2024-07-07 23:46:00,23:46:00,CNR1843658612,Success,CID859574,Prime SUV,Electronic City,Basavanagudi,70.0,40.0,,,No,,550,Cash,1,"4,3","3,4",550.0
2024-07-23 13:36:00,13:36:00,CNR6547712847,Success,CID569469,Prime Sedan,BTM Layout,Jayanagar,259.0,125.0,,,No,,1649,UPI,3,"3,3","4,2",549.6666666666666
2024-07-06 08:20:00,08:20:00,CNR2746133986,Success,CID463984,Prime Plus,BTM Layout,Jayanagar,49.0,80.0,,,No,,817,UPI,1,"4,9","4,9",817.0
2024-07-04 13:03:00,13:03:00,CNR6777458361,Success,CID101006,Auto,Peenya,Peenya,77.0,85.0,,,Yes,Vehicle Breakdown,613,UPI,1,"4,5","3,3",613.0
2024-07-02 21:52:00,21:52:00,CNR4988068806,Success,CID621872,Prime SUV,Peenya,Kammanahalli,294.0,55.0,,,No,,2805,UPI,3,"4,2","4,5",935.0
2024-07-11 02:19:00,02:19:00,CNR5892379753,Success,CID367635,Auto,Marathahalli,Bannerghatta Road,273.0,105.0,,,No,,2733,UPI,5,"4,8","4,3",546.6
2024-07-12 04:37:00,04:37:00,CNR5809649207,Success,CID353246,eBike,Nagarbhavi,Yelahanka,147.0,30.0,,,No,,532,UPI,1,"4,2","4,5",532.0
2024-07-24 13:39:00,13:39:00,CNR7409205336,Success,CID113193,Auto,Hulimavu,Varthur,126.0,145.0,,,No,,2071,Cash,1,3,"4,4",2071.0
2024-07-21 09:47:00,09:47:00,CNR1698187989,Success,CID912415,Auto,Shivajinagar,Magadi Road,77.0,60.0,,,No,,2588,Cash,1,"4,8","3,8",2588.0
2024-07-13 02:45:00,02:45:00,CNR4285923842,Success,CID235944,Auto,Cox Town,Varthur,294.0,25.0,,,Yes,Other Issue,1087,Cash,1,"4,3","4,2",1087.0
2024-07-04 05:10:00,05:10:00,CNR5047444432,Success,CID884511,Prime Sedan,Frazer Town,Langford Town,126.0,80.0,,,No,,594,Cash,1,"3,7","4,1",594.0
2024-07-25 10:22:00,10:22:00,CNR8768480909,Success,CID470904,Auto,Devanahalli,Vijayanagar,42.0,140.0,,,No,,1269,Cash,2,"4,2","3,2",634.5
2024-07-03 15:54:00,15:54:00,CNR2738346104,Success,CID309582,Prime Plus,RT Nagar,Kadugodi,161.0,100.0,,,No,,2667,UPI,4,"4,3","4,6",666.75
2024-07-11 03:33:00,03:33:00,CNR3494439980,Success,CID216167,eBike,Koramangala,Majestic,112.0,65.0,,,No,,1716,Cash,3,"3,3","4,4",572.0
2024-07-07 00:11:00,00:11:00,CNR5126330839,Success,CID307511,Prime SUV,Magadi Road,Rajarajeshwari Nagar,287.0,80.0,,,No,,2776,UPI,3,4,"3,4",925.3333333333334
2024-07-22 09:11:00,09:11:00,CNR7714444323,Success,CID281024,Auto,Kammanahalli,Padmanabhanagar,147.0,105.0,,,No,,806,Debit Card,1,"3,9","4,5",806.0
2024-07-25 18:04:00,18:04:00,CNR3291011828,Success,CID280095,Mini,Hennur,Koramangala,84.0,110.0,,,No,,2204,Cash,2,"3,7","4,5",1102.0
2024-07-01 18:21:00,18:21:00,CNR7420206392,Success,CID108045,Mini,Magadi Road,Chickpet,154.0,80.0,,,No,,735,UPI,1,4,"3,2",735.0
2024-07-17 07:46:00,07:46:00,CNR9650710703,Success,CID326153,Prime Sedan,Cox Town,Bellandur,287.0,65.0,,,No,,2994,UPI,4,"4,3",3,748.5
2024-07-14 02:08:00,02:08:00,CNR5715271780,Success,CID549203,Prime Plus,Nagarbhavi,Chickpet,259.0,95.0,,,Yes,Customer Demand,826,UPI,1,"3,3",3,826.0
2024-07-07 19:01:00,19:01:00,CNR3834736292,Success,CID500219,Auto,Devanahalli,Chickpet,42.0,45.0,,,No,,797,Cash,1,"3,3","4,3",797.0
2024-07-17 14:22:00,14:22:00,CNR6744443952,Success,CID321727,Bike,JP Nagar,Nagarbhavi,196.0,60.0,,,No,,1731,Cash,1,"4,7","4,6",1731.0
2024-07-17 18:36:00,18:36:00,CNR3636819318,Success,CID859513,Mini,Malleshwaram,Yeshwanthpur,49.0,130.0,,,No,,1494,UPI,1,"4,9","3,2",1494.0
2024-07-08 17:31:00,17:31:00,CNR6206997767,Success,CID787717,Prime Sedan,Hebbal,Yeshwanthpur,301.0,140.0,,,No,,2798,UPI,4,"4,5",4,699.5
2024-07-28 09:53:00,09:53:00,CNR5823975460,Success,CID818309,Prime SUV,Mysore Road,Langford Town,147.0,45.0,,,No,,487,Cash,1,"3,5","3,5",487.0
2024-07-29 12:43:00,12:43:00,CNR5338070876,Success,CID820991,Prime Sedan,Hosur Road,JP Nagar,273.0,110.0,,,No,,2366,Cash,1,"4,5","3,9",2366.0
2024-07-12 05:51:00,05:51:00,CNR3577519196,Success,CID759784,Prime Plus,Peenya,Bannerghatta Road,147.0,60.0,,,No,,843,UPI,1,"4,9","3,9",843.0
2024-07-02 02:14:00,02:14:00,CNR3403968730,Success,CID492656,Auto,Hebbal,Basavanagudi,91.0,95.0,,,No,,2952,UPI,2,"4,8","3,7",1476.0
2024-07-08 19:36:00,19:36:00,CNR9224415424,Success,CID575704,eBike,RT Nagar,Malleshwaram,147.0,45.0,,,No,,997,Cash,2,"4,2","4,8",498.5
2024-07-13 23:44:00,23:44:00,CNR3323765323,Success,CID915858,Auto,Electronic City,HSR Layout,217.0,30.0,,,No,,835,Credit Card,1,"4,7","3,2",835.0
2024-07-18 02:49:00,02:49:00,CNR3600020862,Success,CID827622,Prime Sedan,HSR Layout,Ulsoor,210.0,110.0,,,No,,1461,Cash,1,"3,9","3,3",1461.0
2024-07-30 21:32:00,21:32:00,CNR9304390471,Success,CID686115,Prime Plus,Cox Town,Chickpet,112.0,55.0,,,No,,2013,Cash,3,"4,4","4,9",671.0
2024-07-08 23:42:00,23:42:00,CNR7662146636,Success,CID920760,Auto,Devanahalli,Jayanagar,266.0,130.0,,,No,,493,Cash,1,"3,7","4,5",493.0
2024-07-26 11:56:00,11:56:00,CNR5811718291,Success,CID159467,Prime Sedan,MG Road,Yelahanka,35.0,25.0,,,No,,2329,UPI,2,"4,1","4,8",1164.5
2024-07-14 19:41:00,19:41:00,CNR4008082736,Success,CID425486,Mini,Malleshwaram,JP Nagar,119.0,40.0,,,No,,765,UPI,1,"3,1","4,5",765.0
2024-07-02 19:16:00,19:16:00,CNR3811179245,Success,CID142448,eBike,Ramamurthy Nagar,Electronic City,98.0,110.0,,,No,,2062,UPI,2,"4,8","4,6",1031.0
2024-07-10 08:33:00,08:33:00,CNR9072755662,Success,CID745258,Bike,Frazer Town,Whitefield,301.0,90.0,,,No,,585,UPI,1,"4,9","3,4",585.0
2024-07-21 17:06:00,17:06:00,CNR3559816001,Success,CID945792,Auto,Kammanahalli,Bellandur,210.0,60.0,,,No,,1511,Cash,1,"3,5","4,7",1511.0
2024-07-12 03:08:00,03:08:00,CNR8847914626,Success,CID281459,Prime Sedan,Tumkur Road,Marathahalli,154.0,70.0,,,No,,2223,Cash,2,"4,1","3,7",1111.5
2024-07-19 18:44:00,18:44:00,CNR7991571948,Success,CID674264,Prime SUV,Mysore Road,Bannerghatta Road,245.0,145.0,,,No,,928,UPI,1,"4,7","4,5",928.0
2024-07-09 17:21:00,17:21:00,CNR9616882597,Success,CID742553,Bike,Tumkur Road,Jayanagar,42.0,60.0,,,No,,2335,Cash,2,"4,2","3,4",1167.5
2024-07-17 01:55:00,01:55:00,CNR2262017039,Success,CID556929,Prime SUV,Frazer Town,Sarjapur Road,203.0,35.0,,,No,,2536,Cash,1,"3,6","3,2",2536.0
2024-07-12 02:41:00,02:41:00,CNR9746072674,Success,CID489934,Bike,Yelahanka,Banashankari,203.0,95.0,,,No,,886,Cash,1,"3,8","4,2",886.0
2024-07-22 16:12:00,16:12:00,CNR9128260823,Success,CID835824,Bike,Padmanabhanagar,Kammanahalli,196.0,105.0,,,No,,2224,Cash,4,"3,4","4,1",556.0
2024-07-25 04:27:00,04:27:00,CNR1829903369,Success,CID515022,Bike,Kammanahalli,Bellandur,196.0,125.0,,,No,,1958,Cash,2,"4,6","3,3",979.0
2024-07-24 23:16:00,23:16:00,CNR8071864501,Success,CID291010,Bike,KR Puram,Nagarbhavi,252.0,145.0,,,No,,743,Cash,1,"3,6","3,2",743.0
2024-07-24 06:57:00,06:57:00,CNR4523811022,Success,CID138621,Auto,BTM Layout,Marathahalli,182.0,55.0,,,No,,497,Cash,1,"4,1","3,6",497.0
2024-07-05 14:41:00,14:41:00,CNR8024539801,Success,CID123888,Prime Plus,Mysore Road,Richmond Town,189.0,130.0,,,Yes,Customer Demand,1970,UPI,2,"3,5","4,1",985.0
2024-07-03 23:17:00,23:17:00,CNR2266564680,Success,CID808309,Prime Sedan,Jayanagar,Jayanagar,84.0,110.0,,,No,,717,UPI,1,"4,1","3,9",717.0
2024-07-19 18:35:00,18:35:00,CNR5955582158,Success,CID104904,Mini,Varthur,Basavanagudi,133.0,90.0,,,No,,964,UPI,1,"3,7","3,4",964.0
2024-07-18 18:12:00,18:12:00,CNR4067321299,Success,CID780977,Prime Plus,Rajarajeshwari Nagar,KR Puram,252.0,50.0,,,No,,2236,UPI,2,"3,3","4,7",1118.0
2024-07-11 02:47:00,02:47:00,CNR2732802220,Success,CID184558,Bike,BTM Layout,Bannerghatta Road,224.0,85.0,,,No,,493,Cash,1,"3,3","4,4",493.0
2024-07-06 23:36:00,23:36:00,CNR1823387383,Success,CID332918,Mini,Bannerghatta Road,KR Puram,203.0,50.0,,,No,,512,Cash,1,"4,5","3,1",512.0
2024-07-01 16:07:00,16:07:00,CNR2354757152,Success,CID389784,Auto,Indiranagar,Ulsoor,56.0,40.0,,,Yes,Customer Demand,631,Cash,1,5,"4,4",631.0
2024-07-25 07:48:00,07:48:00,CNR3780977899,Success,CID738684,Auto,Shantinagar,Vijayanagar,259.0,130.0,,,No,,1741,Cash,1,"3,1","3,9",1741.0
2024-07-07 07:21:00,07:21:00,CNR1774062767,Success,CID318076,Auto,Indiranagar,Rajajinagar,273.0,80.0,,,No,,671,Cash,1,"4,9","4,6",671.0
2024-07-09 16:02:00,16:02:00,CNR6158711930,Success,CID302225,Auto,Kengeri,Bellandur,280.0,120.0,,,No,,2683,UPI,1,"4,6","3,4",2683.0
2024-07-19 07:21:00,07:21:00,CNR8813544126,Success,CID274770,Prime SUV,Sahakar Nagar,KR Puram,280.0,50.0,,,No,,1257,Cash,2,"3,1","3,2",628.5
2024-07-15 06:15:00,06:15:00,CNR5779263434,Success,CID451005,Auto,Kadugodi,JP Nagar,301.0,135.0,,,No,,1679,UPI,1,"4,3","3,4",1679.0
2024-07-02 13:34:00,13:34:00,CNR4916479834,Success,CID489870,Prime Plus,Langford Town,Jayanagar,126.0,140.0,,,No,,983,Cash,2,4,"4,7",491.5
2024-07-19 15:49:00,15:49:00,CNR6218904629,Success,CID318403,eBike,Nagarbhavi,Sarjapur Road,259.0,65.0,,,No,,922,Cash,1,"4,4","4,3",922.0
2024-07-24 11:02:00,11:02:00,CNR8711965899,Success,CID361331,Prime Sedan,Indiranagar,Majestic,98.0,125.0,,,No,,680,UPI,1,"3,4","3,5",680.0
2024-07-25 09:49:00,09:49:00,CNR5748098915,Success,CID630641,Mini,Basavanagudi,Frazer Town,70.0,45.0,,,No,,1848,Cash,3,"3,6","3,1",616.0
2024-07-01 03:30:00,03:30:00,CNR1992404318,Success,CID264857,Bike,Bannerghatta Road,Tumkur Road,119.0,80.0,,,No,,680,Cash,1,"4,9","3,8",680.0
2024-07-20 11:29:00,11:29:00,CNR6086581056,Success,CID355122,Auto,Bellandur,Kammanahalli,301.0,125.0,,,No,,535,Cash,1,"4,6","3,6",535.0
2024-07-16 22:59:00,22:59:00,CNR2157658599,Success,CID309994,Prime SUV,Chamarajpet,MG Road,224.0,35.0,,,No,,1738,Cash,3,"4,5","4,3",579.3333333333334
2024-07-23 13:55:00,13:55:00,CNR8279204571,Success,CID660134,eBike,Peenya,Langford Town,245.0,135.0,,,No,,1829,Cash,2,"4,4","3,8",914.5
2024-07-03 16:45:00,16:45:00,CNR9153414599,Success,CID953250,eBike,Mysore Road,Banashankari,49.0,90.0,,,No,,788,Cash,1,"4,7","3,4",788.0
2024-07-02 05:09:00,05:09:00,CNR4803633199,Success,CID656133,Bike,Shantinagar,Kadugodi,35.0,135.0,,,No,,2118,Cash,2,"3,7","4,9",1059.0
2024-07-13 17:42:00,17:42:00,CNR5575838230,Success,CID538303,Auto,Sahakar Nagar,Peenya,70.0,135.0,,,No,,1569,UPI,2,"4,8","4,8",784.5
2024-07-21 05:06:00,05:06:00,CNR4760456262,Success,CID318244,eBike,Malleshwaram,Chamarajpet,42.0,125.0,,,No,,973,UPI,2,"4,9","3,7",486.5
2024-07-22 21:42:00,21:42:00,CNR7100155548,Success,CID411607,Mini,Varthur,Kadugodi,231.0,65.0,,,No,,486,Cash,1,"4,5","4,1",486.0
2024-07-30 05:47:00,05:47:00,CNR6169469516,Success,CID492681,Bike,Vijayanagar,Shantinagar,56.0,65.0,,,No,,2655,Cash,4,"3,8","3,6",663.75
2024-07-19 12:50:00,12:50:00,CNR5152761063,Success,CID194488,Mini,Cox Town,Mysore Road,35.0,110.0,,,No,,964,UPI,1,5,"3,6",964.0
2024-07-28 22:55:00,22:55:00,CNR5807862836,Success,CID777739,Bike,Peenya,Padmanabhanagar,217.0,25.0,,,No,,1139,Cash,1,"4,3","3,8",1139.0
2024-07-29 23:16:00,23:16:00,CNR2762731332,Success,CID417673,Prime Plus,Yeshwanthpur,KR Puram,224.0,45.0,,,No,,2017,UPI,1,"4,2","3,6",2017.0
2024-07-02 10:23:00,10:23:00,CNR5982802075,Success,CID839671,Prime Sedan,BTM Layout,Richmond Town,273.0,55.0,,,No,,1814,UPI,3,"3,8","3,1",604.6666666666666
2024-07-19 00:12:00,00:12:00,CNR8757159228,Success,CID694184,Auto,Tumkur Road,Frazer Town,119.0,55.0,,,No,,2137,UPI,4,"4,5",4,534.25
2024-07-28 19:23:00,19:23:00,CNR9170250740,Success,CID598728,Bike,Koramangala,Bannerghatta Road,119.0,40.0,,,No,,2788,UPI,2,4,"4,9",1394.0
2024-07-17 20:02:00,20:02:00,CNR9777591288,Success,CID456978,Prime Plus,Kadugodi,Sarjapur Road,147.0,135.0,,,No,,675,UPI,1,"4,5","4,1",675.0
2024-07-18 20:52:00,20:52:00,CNR9251695959,Success,CID833688,Prime Plus,Hulimavu,Jayanagar,63.0,80.0,,,No,,2881,Cash,5,5,"3,7",576.2
2024-07-12 03:12:00,03:12:00,CNR6664879502,Success,CID404274,Prime Plus,Frazer Town,Yeshwanthpur,301.0,140.0,,,No,,2662,Cash,1,"3,9","3,8",2662.0
2024-07-25 13:39:00,13:39:00,CNR5533177587,Success,CID137422,Prime Plus,Bannerghatta Road,Devanahalli,70.0,85.0,,,No,,712,Cash,1,4,"3,5",712.0
2024-07-17 11:52:00,11:52:00,CNR2549174387,Success,CID700395,Auto,JP Nagar,Devanahalli,105.0,25.0,,,Yes,Customer Demand,489,Cash,1,"4,3","3,7",489.0
2024-07-23 09:35:00,09:35:00,CNR4604102371,Success,CID779474,Mini,Yeshwanthpur,Sahakar Nagar,42.0,40.0,,,No,,497,Cash,1,3,"4,2",497.0
2024-07-07 22:25:00,22:25:00,CNR4984410508,Success,CID353822,eBike,Banashankari,Rajajinagar,273.0,70.0,,,No,,498,Cash,1,"4,4","3,6",498.0
2024-07-18 06:07:00,06:07:00,CNR5096221566,Success,CID750829,Auto,Frazer Town,Devanahalli,238.0,45.0,,,No,,2030,Cash,2,"4,2","3,2",1015.0
2024-07-06 00:36:00,00:36:00,CNR9565355298,Success,CID327495,Auto,Magadi Road,JP Nagar,245.0,110.0,,,Yes,Vehicle Breakdown,512,UPI,1,"3,6","4,1",512.0
2024-07-10 01:08:00,01:08:00,CNR6578544000,Success,CID989376,Auto,Shivajinagar,Hennur,252.0,145.0,,,No,,492,Cash,1,"4,7","3,2",492.0
2024-07-29 00:47:00,00:47:00,CNR5077422371,Success,CID532393,Mini,Cox Town,Richmond Town,238.0,80.0,,,No,,2524,UPI,3,"4,3","4,1",841.3333333333334
2024-07-06 21:17:00,21:17:00,CNR5083970141,Success,CID125427,Prime Plus,HSR Layout,Padmanabhanagar,266.0,115.0,,,No,,1453,UPI,2,"3,8","4,1",726.5
2024-07-29 03:19:00,03:19:00,CNR3686998222,Success,CID449006,Prime Sedan,HSR Layout,Indiranagar,126.0,145.0,,,No,,1845,Cash,3,"3,2","3,8",615.0
2024-07-20 10:47:00,10:47:00,CNR3246675298,Success,CID277419,Prime Sedan,Rajarajeshwari Nagar,Ulsoor,308.0,85.0,,,Yes,Vehicle Breakdown,704,UPI,1,"3,7",4,704.0
2024-07-08 16:37:00,16:37:00,CNR3444470022,Success,CID329003,Mini,Cox Town,Hulimavu,42.0,30.0,,,Yes,Customer Demand,944,Cash,1,"3,3","3,7",944.0
2024-07-21 19:50:00,19:50:00,CNR9788661660,Success,CID644718,Prime Sedan,Hebbal,Yeshwanthpur,217.0,120.0,,,No,,865,UPI,1,"4,2","3,6",865.0
2024-07-05 06:31:00,06:31:00,CNR6449487398,Success,CID805026,Prime SUV,Kengeri,KR Puram,189.0,115.0,,,No,,774,Cash,1,"4,8","3,5",774.0
2024-07-23 09:20:00,09:20:00,CNR5942514983,Success,CID110164,Auto,Rajajinagar,Padmanabhanagar,182.0,50.0,,,No,,838,UPI,1,4,"4,6",838.0
2024-07-26 12:20:00,12:20:00,CNR8763421755,Success,CID126755,Prime Sedan,Indiranagar,Hennur,301.0,120.0,,,No,,918,Cash,1,"4,9","4,1",918.0
2024-07-21 13:25:00,13:25:00,CNR9790418029,Success,CID735744,Mini,Nagarbhavi,Frazer Town,35.0,70.0,,,Yes,Vehicle Breakdown,2909,UPI,1,"4,9","4,1",2909.0
2024-07-16 06:32:00,06:32:00,CNR3106233374,Success,CID469877,Prime Sedan,Shivajinagar,Malleshwaram,140.0,55.0,,,No,,1530,Cash,2,"4,5","3,9",765.0
2024-07-18 17:34:00,17:34:00,CNR8811505576,Success,CID727938,eBike,BTM Layout,Shantinagar,259.0,95.0,,,No,,495,Cash,1,"3,9","3,1",495.0
2024-07-07 04:37:00,04:37:00,CNR2735754732,Success,CID300382,Mini,BTM Layout,Peenya,140.0,75.0,,,No,,580,UPI,1,"4,5","4,5",580.0
2024-07-09 23:36:00,23:36:00,CNR7977724705,Success,CID217084,Prime Plus,Marathahalli,Magadi Road,245.0,40.0,,,No,,2817,Cash,3,"4,7","4,4",939.0
2024-07-21 07:34:00,07:34:00,CNR7672815300,Success,CID625351,Auto,Mysore Road,Banashankari,231.0,105.0,,,No,,2941,Cash,5,"4,4",5,588.2
2024-07-17 23:01:00,23:01:00,CNR6969216344,Success,CID869642,Prime Sedan,Mysore Road,Vijayanagar,189.0,55.0,,,No,,930,UPI,1,"4,4","4,1",930.0
2024-07-10 01:37:00,01:37:00,CNR5599193693,Success,CID422711,Prime Sedan,Rajajinagar,Electronic City,56.0,75.0,,,No,,1582,UPI,1,4,5,1582.0
2024-07-06 08:22:00,08:22:00,CNR4886950610,Success,CID542403,Prime Plus,Rajajinagar,Mysore Road,119.0,60.0,,,No,,2467,UPI,4,"4,7","4,9",616.75
2024-07-05 14:05:00,14:05:00,CNR7590139695,Success,CID564989,Auto,Varthur,Shivajinagar,147.0,145.0,,,No,,1512,UPI,3,"4,3","4,5",504.0
2024-07-18 19:08:00,19:08:00,CNR3194990258,Success,CID314384,Auto,Malleshwaram,Sahakar Nagar,210.0,30.0,,,No,,1714,UPI,3,"4,2","3,7",571.3333333333334
2024-07-01 03:04:00,03:04:00,CNR9544827072,Success,CID978987,Prime Plus,Whitefield,Vijayanagar,245.0,140.0,,,No,,2767,UPI,4,"4,5",5,691.75
2024-07-29 05:41:00,05:41:00,CNR8023810802,Success,CID976102,Prime SUV,Hosur Road,Magadi Road,133.0,140.0,,,No,,1894,Credit Card,1,"3,7","4,7",1894.0
2024-07-18 19:33:00,19:33:00,CNR7436716199,Success,CID717074,Prime Plus,Vijayanagar,Hebbal,70.0,30.0,,,No,,1945,UPI,4,"3,1","3,4",486.25
2024-07-07 20:59:00,20:59:00,CNR1893509396,Success,CID949166,Mini,Shivajinagar,Hulimavu,70.0,130.0,,,No,,1281,Cash,2,5,"3,2",640.5
2024-07-22 14:33:00,14:33:00,CNR5391474232,Success,CID745020,Prime SUV,Devanahalli,Mysore Road,217.0,35.0,,,No,,1699,UPI,1,"4,6","4,6",1699.0
2024-07-20 12:12:00,12:12:00,CNR9112604987,Success,CID130522,Bike,Sarjapur Road,Padmanabhanagar,105.0,45.0,,,No,,1558,Cash,1,"3,3","4,8",1558.0
2024-07-15 12:00:00,12:00:00,CNR4594386881,Success,CID232929,Prime Sedan,Indiranagar,Kammanahalli,77.0,50.0,,,Yes,Vehicle Breakdown,2705,UPI,2,"3,9",5,1352.5
2024-07-26 02:58:00,02:58:00,CNR1100573061,Success,CID263825,Auto,Hebbal,Yeshwanthpur,98.0,25.0,,,No,,1596,UPI,2,4,"4,8",798.0
2024-07-13 06:56:00,06:56:00,CNR4487732281,Success,CID856899,Prime SUV,Langford Town,Sarjapur Road,126.0,45.0,,,No,,573,Cash,1,"3,5","3,7",573.0
2024-07-15 15:47:00,15:47:00,CNR6389424344,Success,CID258827,Prime SUV,Hosur Road,Hulimavu,168.0,55.0,,,Yes,Customer Demand,2862,Cash,2,"4,9","4,1",1431.0
2024-07-23 07:59:00,07:59:00,CNR7114242598,Success,CID443798,Auto,Devanahalli,Majestic,42.0,95.0,,,Yes,Vehicle Breakdown,2940,UPI,1,"4,1","4,1",2940.0
2024-07-02 18:28:00,18:28:00,CNR6766836134,Success,CID147909,Auto,Langford Town,Whitefield,266.0,75.0,,,Yes,Vehicle Breakdown,1757,Cash,1,"3,6","3,7",1757.0
2024-07-03 14:14:00,14:14:00,CNR1827125407,Success,CID818457,Auto,Yeshwanthpur,Sarjapur Road,294.0,140.0,,,Yes,Customer Demand,1045,UPI,1,"3,2","3,1",1045.0
2024-07-02 18:07:00,18:07:00,CNR5122539485,Success,CID592457,Auto,Rajarajeshwari Nagar,Bannerghatta Road,210.0,140.0,,,No,,2028,Cash,2,"3,5",4,1014.0
2024-07-28 02:04:00,02:04:00,CNR3957070261,Success,CID813491,Prime SUV,Hennur,Langford Town,119.0,70.0,,,No,,539,UPI,1,"3,9","4,8",539.0
2024-07-03 21:01:00,21:01:00,CNR7880698376,Success,CID279011,Bike,Frazer Town,Koramangala,280.0,40.0,,,No,,836,Cash,1,"4,1","4,5",836.0
2024-07-17 07:16:00,07:16:00,CNR5574603626,Success,CID610635,Auto,Nagarbhavi,Marathahalli,189.0,55.0,,,No,,2809,Credit Card,4,"3,4","3,2",702.25
2024-07-15 21:08:00,21:08:00,CNR4354216469,Success,CID277919,Mini,Langford Town,Shantinagar,231.0,100.0,,,No,,2050,Cash,3,"4,6","4,5",683.3333333333334
2024-07-04 06:39:00,06:39:00,CNR8139277321,Success,CID758968,Prime Plus,Tumkur Road,Vijayanagar,70.0,135.0,,,No,,833,UPI,1,"4,3","3,3",833.0
2024-07-02 13:18:00,13:18:00,CNR1192486278,Success,CID429869,Prime Sedan,BTM Layout,Hebbal,63.0,125.0,,,No,,778,Cash,1,"3,3","4,4",778.0
2024-07-30 15:20:00,15:20:00,CNR6018468312,Success,CID410766,Mini,Majestic,Bannerghatta Road,196.0,30.0,,,Yes,Customer Demand,1230,UPI,2,5,"4,5",615.0
2024-07-10 09:02:00,09:02:00,CNR5038949329,Success,CID991382,Bike,Banashankari,Rajajinagar,35.0,55.0,,,No,,2259,Cash,2,"4,4","3,7",1129.5
2024-07-22 22:29:00,22:29:00,CNR9519574812,Success,CID205798,eBike,Shivajinagar,Varthur,203.0,100.0,,,No,,899,Cash,1,"3,8","4,3",899.0
2024-07-29 04:53:00,04:53:00,CNR9878158921,Success,CID813001,Mini,JP Nagar,Magadi Road,294.0,90.0,,,No,,2952,UPI,6,5,"3,7",492.0
2024-07-17 07:49:00,07:49:00,CNR7912470993,Success,CID402709,Prime SUV,Varthur,Chickpet,273.0,95.0,,,No,,621,UPI,1,"4,3","3,2",621.0
2024-07-25 11:56:00,11:56:00,CNR1754948109,Success,CID617241,Auto,Electronic City,Tumkur Road,91.0,130.0,,,No,,487,Credit Card,1,"3,5","3,5",487.0
2024-07-05 09:25:00,09:25:00,CNR7254958216,Success,CID842829,Prime Plus,Hennur,Shivajinagar,266.0,75.0,,,No,,1967,Cash,1,"4,8","3,4",1967.0
2024-07-16 02:43:00,02:43:00,CNR1054397974,Success,CID645398,Prime Plus,Whitefield,Chamarajpet,77.0,140.0,,,No,,621,Cash,1,"3,3","4,3",621.0
2024-07-28 08:11:00,08:11:00,CNR8156926208,Success,CID386564,Prime Plus,Marathahalli,Rajajinagar,126.0,50.0,,,No,,958,UPI,1,"4,2","3,1",958.0
2024-07-13 16:21:00,16:21:00,CNR3162230462,Success,CID919299,Mini,Hosur Road,Rajajinagar,105.0,30.0,,,No,,2171,Cash,4,"3,9","3,7",542.75
2024-07-09 06:05:00,06:05:00,CNR9752581859,Success,CID214148,Bike,Chickpet,MG Road,182.0,70.0,,,No,,2584,UPI,4,"4,9",5,646.0
2024-07-02 14:42:00,14:42:00,CNR6325354163,Success,CID697307,Auto,JP Nagar,Mysore Road,182.0,60.0,,,No,,989,UPI,1,"3,2","3,1",989.0
2024-07-26 02:12:00,02:12:00,CNR4356010181,Success,CID342011,Prime SUV,Shantinagar,Ramamurthy Nagar,98.0,135.0,,,No,,917,Cash,1,"4,1",3,917.0
2024-07-19 15:56:00,15:56:00,CNR3339241830,Success,CID104685,Auto,Langford Town,Padmanabhanagar,259.0,80.0,,,No,,2385,UPI,3,4,"3,7",795.0
2024-07-06 16:11:00,16:11:00,CNR6158075145,Success,CID533186,Auto,Varthur,Hennur,245.0,130.0,,,No,,1528,UPI,1,4,3,1528.0
2024-07-07 23:08:00,23:08:00,CNR8835236670,Success,CID966638,Mini,Devanahalli,Magadi Road,133.0,130.0,,,No,,855,Credit Card,1,"3,3","3,2",855.0
2024-07-11 23:57:00,23:57:00,CNR2127706492,Success,CID335194,Auto,Majestic,Koramangala,175.0,130.0,,,No,,494,Cash,1,"4,5","3,3",494.0
2024-07-08 12:17:00,12:17:00,CNR7035550351,Success,CID306327,Prime Sedan,KR Puram,Basavanagudi,217.0,115.0,,,No,,506,Cash,1,"3,2","4,1",506.0
2024-07-21 15:19:00,15:19:00,CNR4819890615,Success,CID641330,Auto,Kengeri,Malleshwaram,49.0,125.0,,,No,,2872,UPI,3,"4,1","4,4",957.3333333333334
2024-07-07 03:24:00,03:24:00,CNR4219139901,Success,CID582515,Mini,Hosur Road,Chickpet,294.0,145.0,,,No,,2873,Debit Card,3,"3,6","4,6",957.6666666666666
2024-07-23 01:45:00,01:45:00,CNR2680991329,Success,CID910724,Auto,Shivajinagar,Vijayanagar,126.0,50.0,,,No,,844,UPI,1,"4,5","4,9",844.0
2024-07-25 19:05:00,19:05:00,CNR6730917675,Success,CID731924,Auto,Langford Town,Bannerghatta Road,287.0,80.0,,,No,,2824,Cash,2,"3,3","3,2",1412.0
2024-07-28 11:47:00,11:47:00,CNR8491261674,Success,CID631128,Prime Sedan,Magadi Road,Majestic,210.0,70.0,,,Yes,Customer Demand,2409,Cash,3,"3,4","3,8",803.0
2024-07-19 02:45:00,02:45:00,CNR8954395263,Success,CID583726,Prime Plus,Bellandur,Peenya,238.0,95.0,,,No,,2902,Cash,4,"4,8","4,5",725.5
2024-07-24 04:57:00,04:57:00,CNR1256711965,Success,CID955479,Bike,Sahakar Nagar,Yeshwanthpur,119.0,60.0,,,No,,2670,Cash,3,"4,4","4,1",890.0
2024-07-18 05:35:00,05:35:00,CNR5218748140,Success,CID758297,Auto,Richmond Town,Indiranagar,224.0,80.0,,,No,,2638,Cash,4,"3,9","4,2",659.5
2024-07-25 11:45:00,11:45:00,CNR4815062758,Success,CID434740,Prime Sedan,Kammanahalli,Kengeri,126.0,35.0,,,No,,663,UPI,1,"4,5","3,1",663.0
2024-07-13 04:36:00,04:36:00,CNR8363634925,Success,CID470078,Mini,Jayanagar,Ramamurthy Nagar,294.0,120.0,,,No,,560,Cash,1,"3,3","3,9",560.0
2024-07-19 07:29:00,07:29:00,CNR1563441305,Success,CID650551,Mini,Hennur,Banashankari,273.0,130.0,,,No,,819,Cash,1,"3,8","3,9",819.0
2024-07-09 21:20:00,21:20:00,CNR4034167636,Success,CID372083,Auto,Nagarbhavi,Peenya,161.0,50.0,,,No,,1634,UPI,3,"3,3","4,8",544.6666666666666
2024-07-15 08:33:00,08:33:00,CNR5155919319,Success,CID496582,Prime Sedan,Majestic,Shivajinagar,252.0,30.0,,,No,,605,Cash,1,"4,8","3,8",605.0
2024-07-30 14:41:00,14:41:00,CNR4939766406,Success,CID496075,Auto,Bellandur,KR Puram,175.0,100.0,,,No,,2930,Cash,4,3,"3,5",732.5
2024-07-12 06:50:00,06:50:00,CNR6000713605,Success,CID811339,Prime Sedan,Yeshwanthpur,Varthur,175.0,50.0,,,No,,485,UPI,1,3,3,485.0
2024-07-25 21:26:00,21:26:00,CNR9784379580,Success,CID592431,Prime Plus,Hebbal,Whitefield,98.0,50.0,,,No,,735,Cash,1,"3,3","4,9",735.0
2024-07-25 10:20:00,10:20:00,CNR9024970684,Success,CID806018,Auto,Electronic City,Yeshwanthpur,280.0,45.0,,,No,,2639,UPI,1,"3,4","4,8",2639.0
2024-07-04 01:33:00,01:33:00,CNR8695091047,Success,CID928785,Prime SUV,Rajajinagar,Majestic,42.0,140.0,,,Yes,Customer Demand,1065,Cash,2,4,"4,6",532.5
2024-07-28 15:35:00,15:35:00,CNR4228002681,Success,CID415486,Mini,Shantinagar,Devanahalli,273.0,110.0,,,No,,1065,Cash,2,"3,6","4,2",532.5
2024-07-12 22:00:00,22:00:00,CNR7352403512,Success,CID371943,Prime SUV,Sahakar Nagar,Jayanagar,189.0,90.0,,,No,,571,UPI,1,"3,4","4,9",571.0
2024-07-16 20:45:00,20:45:00,CNR4821806437,Success,CID739610,Prime Sedan,Richmond Town,Ulsoor,42.0,105.0,,,No,,738,Cash,1,"4,8","4,1",738.0
2024-07-12 07:28:00,07:28:00,CNR3190153159,Success,CID350777,Mini,RT Nagar,Padmanabhanagar,308.0,45.0,,,No,,2978,UPI,5,"4,8","3,5",595.6
2024-07-18 01:23:00,01:23:00,CNR5577752639,Success,CID764498,Mini,Marathahalli,Hulimavu,63.0,120.0,,,No,,602,UPI,1,"3,2","4,3",602.0
2024-07-08 18:31:00,18:31:00,CNR3450439649,Success,CID606644,Prime SUV,Chickpet,Bannerghatta Road,140.0,120.0,,,No,,2703,UPI,3,"3,7","3,8",901.0
2024-07-29 02:53:00,02:53:00,CNR7119994046,Success,CID538899,Mini,Bannerghatta Road,Tumkur Road,161.0,90.0,,,No,,675,Cash,1,"4,3","4,5",675.0
2024-07-22 14:24:00,14:24:00,CNR5484935135,Success,CID549074,Mini,Langford Town,Shantinagar,245.0,80.0,,,No,,1324,UPI,1,"3,9","4,4",1324.0
2024-07-02 00:45:00,00:45:00,CNR9022489366,Success,CID407625,Prime Sedan,Langford Town,Sahakar Nagar,147.0,90.0,,,No,,548,UPI,1,"3,6","4,4",548.0
2024-07-16 22:01:00,22:01:00,CNR2649959917,Success,CID661044,Auto,Kammanahalli,Yeshwanthpur,252.0,105.0,,,No,,1468,Cash,2,"4,4","3,2",734.0
2024-07-26 03:28:00,03:28:00,CNR7436056092,Success,CID876248,Prime Sedan,Hennur,Indiranagar,84.0,80.0,,,No,,772,Cash,1,"4,7","3,9",772.0
2024-07-06 20:45:00,20:45:00,CNR4581691993,Success,CID413599,Auto,RT Nagar,Kadugodi,196.0,40.0,,,No,,1910,UPI,3,4,"3,3",636.6666666666666
2024-07-02 07:14:00,07:14:00,CNR6653935634,Success,CID668384,Prime SUV,Banashankari,Sahakar Nagar,238.0,35.0,,,No,,1601,Cash,1,"3,1","3,5",1601.0
2024-07-03 17:35:00,17:35:00,CNR6960052908,Success,CID752429,eBike,HSR Layout,Chamarajpet,294.0,65.0,,,No,,776,Cash,1,"4,8","4,1",776.0
2024-07-08 03:43:00,03:43:00,CNR7210085615,Success,CID137066,Mini,Vijayanagar,Yeshwanthpur,91.0,50.0,,,No,,791,UPI,1,"3,4","4,9",791.0
2024-07-09 18:16:00,18:16:00,CNR2217145079,Success,CID408436,eBike,JP Nagar,Richmond Town,147.0,85.0,,,No,,710,Cash,1,4,"3,8",710.0
2024-07-17 01:44:00,01:44:00,CNR5885235060,Success,CID380949,Auto,Banashankari,Rajajinagar,147.0,135.0,,,No,,822,UPI,1,"4,5","4,8",822.0
2024-07-09 09:53:00,09:53:00,CNR9105978792,Success,CID670783,Prime Sedan,Hulimavu,Kengeri,217.0,100.0,,,Yes,Vehicle Breakdown,804,Debit Card,1,"3,1","3,4",804.0
2024-07-22 02:23:00,02:23:00,CNR2158579248,Success,CID225075,Prime Sedan,Whitefield,Indiranagar,133.0,30.0,,,No,,545,Cash,1,"4,3",4,545.0
2024-07-07 02:38:00,02:38:00,CNR5441503937,Success,CID357864,Prime Sedan,Shivajinagar,Rajarajeshwari Nagar,203.0,60.0,,,No,,2280,Cash,1,"3,3","4,4",2280.0
2024-07-26 00:34:00,00:34:00,CNR4724636631,Success,CID335482,Auto,Hebbal,Indiranagar,273.0,30.0,,,No,,702,Cash,1,"4,5",5,702.0
2024-07-27 07:01:00,07:01:00,CNR5403652775,Success,CID406104,Auto,BTM Layout,Cox Town,175.0,135.0,,,Yes,Other Issue,1478,UPI,1,"3,8","4,2",1478.0
2024-07-21 23:35:00,23:35:00,CNR4665028005,Success,CID983616,eBike,Shivajinagar,Mysore Road,308.0,85.0,,,Yes,Vehicle Breakdown,633,UPI,1,"4,6","3,8",633.0
2024-07-06 18:55:00,18:55:00,CNR2568705225,Success,CID608772,eBike,Magadi Road,Malleshwaram,175.0,90.0,,,No,,537,UPI,1,5,"4,2",537.0
2024-07-25 00:19:00,00:19:00,CNR3467293498,Success,CID178897,Auto,HSR Layout,HSR Layout,308.0,35.0,,,No,,2855,UPI,4,"4,5","4,2",713.75
2024-07-28 06:06:00,06:06:00,CNR2903181671,Success,CID313414,Auto,Basavanagudi,Hennur,189.0,65.0,,,No,,486,Cash,1,"3,6","3,7",486.0
2024-07-27 01:40:00,01:40:00,CNR2496348508,Success,CID966653,eBike,Hulimavu,Majestic,147.0,110.0,,,No,,2943,Cash,6,"4,8","4,8",490.5
2024-07-23 15:18:00,15:18:00,CNR9557928657,Success,CID299905,Prime SUV,Hebbal,Malleshwaram,259.0,60.0,,,No,,2009,UPI,4,"4,7","4,7",502.25
2024-07-16 00:42:00,00:42:00,CNR7679268356,Success,CID789570,Auto,Whitefield,Cox Town,266.0,110.0,,,No,,561,UPI,1,"4,8","3,1",561.0
2024-07-15 02:18:00,02:18:00,CNR5050212680,Success,CID859485,Auto,MG Road,Hennur,119.0,85.0,,,No,,627,Cash,1,"4,3","3,9",627.0
2024-07-02 21:54:00,21:54:00,CNR6442108206,Success,CID520073,Auto,Chamarajpet,Indiranagar,280.0,60.0,,,No,,1380,Cash,2,4,4,690.0
2024-07-02 13:54:00,13:54:00,CNR3166964944,Success,CID804895,Prime Sedan,Frazer Town,Varthur,91.0,100.0,,,No,,1720,Cash,2,"3,8","4,7",860.0
2024-07-09 01:43:00,01:43:00,CNR4162608496,Success,CID578991,eBike,Hennur,Hulimavu,280.0,65.0,,,No,,1540,Cash,3,"4,3","3,7",513.3333333333334
2024-07-14 01:34:00,01:34:00,CNR9483381721,Success,CID380973,Prime Sedan,RT Nagar,RT Nagar,154.0,105.0,,,No,,544,Cash,1,"3,4","4,7",544.0
2024-07-06 16:54:00,16:54:00,CNR6021288737,Success,CID281468,Prime Plus,Langford Town,JP Nagar,168.0,115.0,,,No,,2871,Cash,2,"3,2","4,3",1435.5
2024-07-12 03:47:00,03:47:00,CNR7647828014,Success,CID712651,Prime Plus,Sarjapur Road,Koramangala,119.0,120.0,,,No,,989,UPI,1,"4,7","4,5",989.0
2024-07-16 20:35:00,20:35:00,CNR3874284125,Success,CID803141,Auto,Koramangala,Basavanagudi,168.0,90.0,,,No,,637,Cash,1,4,"4,9",637.0
2024-07-23 17:37:00,17:37:00,CNR4132965530,Success,CID699759,Prime SUV,Kammanahalli,Langford Town,126.0,100.0,,,No,,1077,UPI,1,"4,1","3,1",1077.0
2024-07-15 19:33:00,19:33:00,CNR6009518138,Success,CID137275,Prime SUV,Langford Town,HSR Layout,259.0,145.0,,,No,,509,UPI,1,"4,7","4,1",509.0
2024-07-27 15:31:00,15:31:00,CNR3067045393,Success,CID248720,Prime Sedan,Langford Town,Whitefield,245.0,140.0,,,No,,2493,Cash,1,"3,9","4,4",2493.0
2024-07-11 10:57:00,10:57:00,CNR8184710361,Success,CID987022,Prime Sedan,Vijayanagar,Jayanagar,273.0,35.0,,,No,,2757,Cash,2,"3,7","4,5",1378.5
2024-07-17 22:29:00,22:29:00,CNR9333856398,Success,CID213032,Prime Sedan,Vijayanagar,MG Road,259.0,60.0,,,No,,491,Cash,1,"3,9","3,3",491.0
2024-07-27 23:21:00,23:21:00,CNR6124965890,Success,CID965503,Bike,Bannerghatta Road,Chickpet,287.0,25.0,,,No,,1639,Cash,1,"3,1","3,9",1639.0
2024-07-20 14:48:00,14:48:00,CNR1971771940,Success,CID417506,Mini,HSR Layout,Sahakar Nagar,84.0,120.0,,,No,,2474,Cash,1,"4,3","4,7",2474.0
2024-07-29 13:58:00,13:58:00,CNR2660899228,Success,CID679885,Prime Sedan,Frazer Town,Rajarajeshwari Nagar,126.0,120.0,,,No,,2795,UPI,2,"3,3","3,2",1397.5
2024-07-14 06:03:00,06:03:00,CNR1651225023,Success,CID868203,Bike,Jayanagar,Mysore Road,259.0,100.0,,,No,,620,Cash,1,"4,7",4,620.0
2024-07-11 23:56:00,23:56:00,CNR6120336582,Success,CID868400,Auto,Electronic City,Rajarajeshwari Nagar,224.0,115.0,,,No,,490,Cash,1,4,"4,3",490.0
2024-07-01 13:29:00,13:29:00,CNR8315335909,Success,CID598770,Auto,Padmanabhanagar,Marathahalli,140.0,55.0,,,No,,573,UPI,1,"4,7","4,6",573.0
2024-07-22 12:15:00,12:15:00,CNR9818623206,Success,CID814280,Auto,Ramamurthy Nagar,Kadugodi,35.0,50.0,,,No,,2971,UPI,4,"4,6","4,4",742.75
2024-07-04 03:02:00,03:02:00,CNR8001365810,Success,CID274294,Mini,Padmanabhanagar,Koramangala,273.0,90.0,,,No,,743,Cash,1,"4,3","4,6",743.0
2024-07-15 17:14:00,17:14:00,CNR9043658685,Success,CID663340,Mini,Sarjapur Road,Rajarajeshwari Nagar,77.0,80.0,,,No,,1826,UPI,3,"3,5","3,6",608.6666666666666
2024-07-05 11:55:00,11:55:00,CNR8436450127,Success,CID445295,Prime Plus,Malleshwaram,Mysore Road,287.0,70.0,,,No,,877,Cash,1,"4,2","3,4",877.0
2024-07-10 19:12:00,19:12:00,CNR8522218923,Success,CID897201,Auto,Sahakar Nagar,Frazer Town,126.0,115.0,,,No,,952,UPI,1,"4,5",5,952.0
2024-07-02 14:53:00,14:53:00,CNR2655873771,Success,CID798634,Prime Sedan,Malleshwaram,Hulimavu,294.0,130.0,,,No,,1433,Cash,1,"4,3",4,1433.0
2024-07-03 13:21:00,13:21:00,CNR8827707398,Success,CID440371,Auto,Langford Town,Cox Town,112.0,105.0,,,No,,953,UPI,1,4,"3,4",953.0
2024-07-27 00:38:00,00:38:00,CNR4982532691,Success,CID157654,eBike,Varthur,Magadi Road,35.0,100.0,,,No,,2634,Cash,5,"3,5","4,3",526.8
2024-07-25 00:53:00,00:53:00,CNR5919412161,Success,CID903559,Bike,Chickpet,Majestic,273.0,125.0,,,No,,2139,Cash,2,"4,4","4,4",1069.5
2024-07-02 02:28:00,02:28:00,CNR9519610296,Success,CID379836,Prime Sedan,Nagarbhavi,Majestic,133.0,30.0,,,No,,2084,Cash,3,"3,3","3,8",694.6666666666666
2024-07-05 20:03:00,20:03:00,CNR5413551191,Success,CID545910,Auto,Magadi Road,Yelahanka,182.0,115.0,,,No,,953,Cash,1,4,"3,4",953.0
2024-07-15 05:11:00,05:11:00,CNR5554377603,Success,CID845453,Prime Plus,Chickpet,Ramamurthy Nagar,133.0,135.0,,,No,,2643,UPI,5,"3,8",3,528.6
2024-07-08 19:39:00,19:39:00,CNR7438718183,Success,CID289189,Auto,Kengeri,Chamarajpet,112.0,65.0,,,No,,2259,UPI,2,"3,2","3,3",1129.5
2024-07-01 10:05:00,10:05:00,CNR6458077477,Success,CID448408,Prime SUV,Magadi Road,Tumkur Road,294.0,40.0,,,No,,1125,UPI,2,"3,8",4,562.5
2024-07-24 14:45:00,14:45:00,CNR5154500334,Success,CID363945,Mini,Devanahalli,Whitefield,245.0,120.0,,,No,,493,UPI,1,"4,9","3,3",493.0
2024-07-20 20:37:00,20:37:00,CNR9262094717,Success,CID629119,Auto,Kengeri,Marathahalli,70.0,135.0,,,No,,1859,UPI,3,"3,9",5,619.6666666666666
2024-07-11 18:48:00,18:48:00,CNR2486213853,Success,CID527026,eBike,Varthur,Hennur,42.0,55.0,,,No,,2752,Cash,3,"4,6","3,2",917.3333333333334
2024-07-23 23:29:00,23:29:00,CNR3416366558,Success,CID560987,Prime Plus,Tumkur Road,Cox Town,147.0,130.0,,,No,,527,Credit Card,1,"3,6","3,9",527.0
2024-07-19 14:01:00,14:01:00,CNR5890325540,Success,CID942189,Prime Sedan,Banashankari,Vijayanagar,105.0,110.0,,,No,,980,UPI,2,"4,1","3,9",490.0
2024-07-24 11:51:00,11:51:00,CNR4178418438,Success,CID922720,Auto,RT Nagar,Banashankari,105.0,45.0,,,No,,1229,Cash,1,"3,8","4,8",1229.0
2024-07-16 15:51:00,15:51:00,CNR8476759122,Success,CID666867,Mini,Whitefield,KR Puram,287.0,110.0,,,No,,2325,UPI,1,"4,9","3,4",2325.0
2024-07-17 05:08:00,05:08:00,CNR2087274236,Success,CID724074,Prime Sedan,Yelahanka,Hulimavu,56.0,80.0,,,No,,1849,Cash,2,"4,3","4,1",924.5
2024-07-29 14:23:00,14:23:00,CNR4890605438,Success,CID968402,eBike,Chamarajpet,Hennur,280.0,70.0,,,No,,2339,UPI,3,3,"4,4",779.6666666666666
2024-07-20 12:46:00,12:46:00,CNR9445301423,Success,CID212905,eBike,Bellandur,Banashankari,140.0,60.0,,,No,,2072,Cash,1,"3,2","4,7",2072.0
2024-07-22 16:25:00,16:25:00,CNR6726603150,Success,CID422200,Prime Sedan,Kammanahalli,Chamarajpet,119.0,105.0,,,No,,2758,UPI,1,"4,6","3,2",2758.0
2024-07-21 18:15:00,18:15:00,CNR6357451121,Success,CID686127,Prime Sedan,Chamarajpet,Jayanagar,119.0,125.0,,,No,,1954,Cash,3,"4,7","3,2",651.3333333333334
2024-07-12 23:34:00,23:34:00,CNR3373209178,Success,CID671892,Mini,Kammanahalli,Peenya,182.0,85.0,,,No,,564,Cash,1,"3,3","4,6",564.0
2024-07-05 19:19:00,19:19:00,CNR7446030281,Success,CID943158,eBike,Hosur Road,Ulsoor,133.0,135.0,,,No,,2859,UPI,2,"4,6","3,8",1429.5
2024-07-30 14:47:00,14:47:00,CNR2261702408,Success,CID118703,Prime Plus,Magadi Road,Electronic City,147.0,60.0,,,No,,2222,Cash,1,"3,1","4,4",2222.0
2024-07-18 05:41:00,05:41:00,CNR5308470112,Success,CID560974,Auto,Marathahalli,Hebbal,91.0,100.0,,,No,,680,Cash,1,"4,9","3,6",680.0
2024-07-29 18:31:00,18:31:00,CNR1830247556,Success,CID287611,Prime Plus,Kengeri,Langford Town,224.0,135.0,,,Yes,Vehicle Breakdown,2774,UPI,4,"4,2","3,1",693.5
2024-07-03 19:47:00,19:47:00,CNR8333369579,Success,CID361473,Auto,Whitefield,Richmond Town,63.0,120.0,,,No,,1798,Cash,2,"4,5","4,5",899.0
2024-07-27 04:28:00,04:28:00,CNR1086795519,Success,CID784856,Auto,Mysore Road,KR Puram,63.0,140.0,,,No,,976,UPI,2,"3,3","3,3",488.0
2024-07-05 23:02:00,23:02:00,CNR9548373018,Success,CID878642,eBike,Bellandur,Malleshwaram,189.0,35.0,,,No,,638,Credit Card,1,"3,4","4,1",638.0
2024-07-13 17:40:00,17:40:00,CNR6877664907,Success,CID431108,Prime SUV,Banashankari,Banashankari,231.0,60.0,,,No,,2171,UPI,2,"4,5","4,5",1085.5
2024-07-19 05:20:00,05:20:00,CNR1207808140,Success,CID749173,Bike,Kammanahalli,Chickpet,273.0,100.0,,,No,,887,UPI,1,"3,6","3,5",887.0
2024-07-19 02:13:00,02:13:00,CNR5552530860,Success,CID762958,Prime SUV,Chickpet,Nagarbhavi,287.0,140.0,,,No,,956,Cash,1,"4,9","4,1",956.0
2024-07-01 12:18:00,12:18:00,CNR9871782095,Success,CID923387,Prime Sedan,Chamarajpet,Sahakar Nagar,112.0,60.0,,,No,,955,Cash,1,"4,7","3,3",955.0
2024-07-23 10:30:00,10:30:00,CNR8874439100,Success,CID435028,Auto,MG Road,Richmond Town,126.0,25.0,,,No,,2056,UPI,3,"3,4","4,4",685.3333333333334
2024-07-11 04:09:00,04:09:00,CNR6708235732,Success,CID473072,Auto,Kadugodi,MG Road,161.0,120.0,,,No,,2460,Cash,3,5,"3,1",820.0
2024-07-14 12:04:00,12:04:00,CNR7990050952,Success,CID670580,Bike,Sahakar Nagar,HSR Layout,147.0,110.0,,,No,,941,Cash,1,"4,1","4,5",941.0
2024-07-19 06:49:00,06:49:00,CNR9480175715,Success,CID135466,Prime Sedan,Peenya,Shivajinagar,42.0,70.0,,,No,,964,Cash,1,"3,7","3,9",964.0
2024-07-07 23:31:00,23:31:00,CNR3344689983,Success,CID572398,Bike,Chickpet,Sarjapur Road,189.0,125.0,,,No,,1091,Credit Card,2,"4,3","4,1",545.5
2024-07-10 00:50:00,00:50:00,CNR9786507000,Success,CID788936,Mini,BTM Layout,Marathahalli,168.0,70.0,,,No,,2081,UPI,3,"4,4","4,3",693.6666666666666
2024-07-20 08:31:00,08:31:00,CNR9785158568,Success,CID537808,Prime SUV,Whitefield,Padmanabhanagar,203.0,40.0,,,No,,1806,Cash,1,"4,7","3,9",1806.0
2024-07-16 20:52:00,20:52:00,CNR4235492579,Success,CID265832,Bike,Rajajinagar,Rajarajeshwari Nagar,70.0,135.0,,,No,,687,Cash,1,"3,7","3,4",687.0
2024-07-26 04:32:00,04:32:00,CNR8519617673,Success,CID285382,Bike,Hosur Road,Bannerghatta Road,210.0,25.0,,,No,,1611,Credit Card,2,"3,2","4,8",805.5
2024-07-09 11:56:00,11:56:00,CNR5666715783,Success,CID730278,Prime Sedan,Rajajinagar,Rajarajeshwari Nagar,273.0,115.0,,,No,,1361,Cash,2,"4,4","4,6",680.5
2024-07-04 18:23:00,18:23:00,CNR3269874299,Success,CID164317,Prime Plus,Frazer Town,Mysore Road,203.0,125.0,,,No,,2160,Cash,3,"3,9","4,2",720.0
2024-07-27 22:13:00,22:13:00,CNR6618092185,Success,CID408254,Prime SUV,Ramamurthy Nagar,Richmond Town,126.0,115.0,,,No,,504,UPI,1,4,"4,3",504.0
2024-07-25 23:09:00,23:09:00,CNR7079952499,Success,CID883249,eBike,RT Nagar,Yelahanka,175.0,45.0,,,No,,2658,UPI,4,"3,9",5,664.5
2024-07-26 23:06:00,23:06:00,CNR3399875242,Success,CID377849,Mini,Peenya,Sarjapur Road,168.0,135.0,,,No,,1803,Cash,2,"4,6","3,2",901.5
2024-07-12 05:04:00,05:04:00,CNR9167420062,Success,CID790152,Prime Plus,Bannerghatta Road,Langford Town,252.0,75.0,,,Yes,Other Issue,1670,Cash,2,"4,1","4,2",835.0
2024-07-15 11:57:00,11:57:00,CNR1217500817,Success,CID167941,Auto,Basavanagudi,Varthur,91.0,25.0,,,No,,2485,UPI,4,"4,1",4,621.25
2024-07-16 08:34:00,08:34:00,CNR9895010816,Success,CID299293,Auto,Yeshwanthpur,RT Nagar,105.0,50.0,,,No,,1085,Cash,1,"3,5","3,1",1085.0
2024-07-17 14:10:00,14:10:00,CNR4986532653,Success,CID867501,Mini,Hulimavu,Indiranagar,42.0,70.0,,,No,,903,Cash,1,"4,8","4,2",903.0
2024-07-11 13:44:00,13:44:00,CNR3901829395,Success,CID264627,Bike,Shivajinagar,Electronic City,175.0,55.0,,,No,,2091,UPI,1,"4,3","4,7",2091.0
2024-07-28 10:37:00,10:37:00,CNR9166879219,Success,CID627239,Auto,Sahakar Nagar,Sahakar Nagar,231.0,45.0,,,No,,991,Cash,1,"3,7","4,6",991.0
2024-07-04 13:03:00,13:03:00,CNR7118622854,Success,CID145256,Mini,Ulsoor,Ulsoor,203.0,120.0,,,Yes,Customer Demand,1692,Cash,2,"3,6","3,4",846.0
2024-07-02 02:45:00,02:45:00,CNR6903765542,Success,CID968700,Auto,Electronic City,Majestic,280.0,25.0,,,No,,554,Cash,1,"3,3","4,9",554.0
2024-07-07 23:36:00,23:36:00,CNR1280228412,Success,CID756502,Auto,Jayanagar,Vijayanagar,287.0,60.0,,,No,,2267,UPI,2,"3,3","4,7",1133.5
2024-07-21 00:27:00,00:27:00,CNR4622490618,Success,CID530099,Prime Sedan,Mysore Road,BTM Layout,105.0,100.0,,,No,,487,Cash,1,"3,2","3,2",487.0
2024-07-02 08:14:00,08:14:00,CNR9359997295,Success,CID880924,Bike,HSR Layout,Jayanagar,196.0,45.0,,,No,,557,Cash,1,"3,1","4,5",557.0
2024-07-07 19:51:00,19:51:00,CNR5387287134,Success,CID511089,Prime SUV,Shantinagar,Hebbal,98.0,50.0,,,No,,759,UPI,1,"3,9","4,4",759.0
2024-07-03 02:37:00,02:37:00,CNR9169007636,Success,CID895267,Mini,Majestic,KR Puram,133.0,135.0,,,No,,1705,UPI,2,"3,4","4,9",852.5
2024-07-20 11:17:00,11:17:00,CNR7824326697,Success,CID220165,Auto,Yelahanka,Bannerghatta Road,175.0,40.0,,,No,,1392,Cash,1,5,"4,2",1392.0
2024-07-17 23:40:00,23:40:00,CNR3913038307,Success,CID866577,Bike,RT Nagar,Richmond Town,189.0,110.0,,,No,,685,Cash,1,"3,9","3,9",685.0
2024-07-08 15:53:00,15:53:00,CNR7361033227,Success,CID771945,Mini,Rajarajeshwari Nagar,Electronic City,84.0,145.0,,,No,,2607,Cash,5,"3,6","4,8",521.4
2024-07-21 17:27:00,17:27:00,CNR6463207468,Success,CID118219,Auto,Marathahalli,Rajajinagar,245.0,100.0,,,No,,2219,Debit Card,3,"4,8","3,5",739.6666666666666
2024-07-18 10:21:00,10:21:00,CNR7956030498,Success,CID973866,Auto,Koramangala,Kadugodi,245.0,50.0,,,Yes,Vehicle Breakdown,629,UPI,1,"3,8","4,6",629.0
2024-07-10 10:00:00,10:00:00,CNR6222511186,Success,CID379490,Auto,Frazer Town,Banashankari,210.0,145.0,,,No,,2206,UPI,1,"4,6","3,6",2206.0
2024-07-29 02:15:00,02:15:00,CNR7547326298,Success,CID924259,Auto,Shivajinagar,Rajarajeshwari Nagar,56.0,70.0,,,No,,830,UPI,1,"3,2","3,8",830.0
2024-07-06 04:18:00,04:18:00,CNR8699212416,Success,CID132900,Mini,Kadugodi,Electronic City,196.0,50.0,,,No,,2835,UPI,5,4,"3,5",567.0
2024-07-27 01:58:00,01:58:00,CNR7328263294,Success,CID809508,Auto,Cox Town,Mysore Road,154.0,85.0,,,No,,878,Cash,1,"4,3","3,1",878.0
2024-07-21 10:49:00,10:49:00,CNR6522026716,Success,CID805832,Prime SUV,Padmanabhanagar,Banashankari,280.0,65.0,,,No,,898,UPI,1,"4,1","3,5",898.0
2024-07-07 06:15:00,06:15:00,CNR2655982083,Success,CID759263,Mini,Sahakar Nagar,Hosur Road,112.0,50.0,,,No,,2805,UPI,5,"3,1","3,8",561.0
2024-07-12 04:16:00,04:16:00,CNR9845077088,Success,CID632882,Prime Sedan,Richmond Town,Rajajinagar,273.0,85.0,,,No,,2581,Credit Card,1,"4,9","3,2",2581.0
2024-07-18 20:57:00,20:57:00,CNR3764106878,Success,CID729503,Auto,Indiranagar,MG Road,203.0,125.0,,,No,,1943,UPI,3,"3,5","3,4",647.6666666666666
2024-07-16 19:47:00,19:47:00,CNR8787697120,Success,CID134807,Prime Plus,Ulsoor,KR Puram,168.0,25.0,,,No,,1394,UPI,1,"4,7","4,9",1394.0
2024-07-13 16:37:00,16:37:00,CNR7036697486,Success,CID373563,Auto,Sarjapur Road,Magadi Road,147.0,105.0,,,No,,2696,UPI,2,"3,9",3,1348.0
2024-07-08 17:53:00,17:53:00,CNR8577749881,Success,CID131918,Mini,Sarjapur Road,BTM Layout,301.0,145.0,,,No,,760,UPI,1,"4,2",5,760.0
2024-07-28 09:42:00,09:42:00,CNR2812335047,Success,CID448175,Bike,BTM Layout,Padmanabhanagar,273.0,45.0,,,No,,685,UPI,1,"4,2","3,8",685.0
2024-07-03 22:42:00,22:42:00,CNR1899028851,Success,CID230258,Prime Sedan,Rajarajeshwari Nagar,Peenya,238.0,45.0,,,Yes,Vehicle Breakdown,667,Cash,1,"4,1","4,2",667.0
2024-07-23 05:18:00,05:18:00,CNR5140227085,Success,CID906564,Bike,Vijayanagar,Tumkur Road,56.0,75.0,,,No,,1389,UPI,2,"3,5","4,7",694.5
2024-07-02 23:18:00,23:18:00,CNR2942733666,Success,CID537771,Mini,HSR Layout,Marathahalli,42.0,135.0,,,No,,2163,UPI,3,"3,3","4,9",721.0
2024-07-24 08:54:00,08:54:00,CNR7433707804,Success,CID764717,eBike,Cox Town,Cox Town,238.0,60.0,,,No,,1551,UPI,1,"3,3","3,8",1551.0
2024-07-18 23:45:00,23:45:00,CNR6515906256,Success,CID318249,Prime Plus,Kadugodi,Hosur Road,77.0,110.0,,,No,,2606,UPI,2,"3,1","3,6",1303.0
2024-07-04 22:27:00,22:27:00,CNR5800500944,Success,CID642631,Prime Sedan,JP Nagar,KR Puram,133.0,35.0,,,No,,1708,Cash,2,"4,7","3,2",854.0
2024-07-17 10:51:00,10:51:00,CNR3017423976,Success,CID970182,Auto,Hosur Road,Indiranagar,168.0,25.0,,,No,,692,Cash,1,"3,7","4,8",692.0
2024-07-11 03:09:00,03:09:00,CNR9620930281,Success,CID731220,Auto,Hennur,KR Puram,154.0,140.0,,,No,,976,UPI,2,"4,5","3,6",488.0
2024-07-25 17:30:00,17:30:00,CNR6498310611,Success,CID540946,Auto,Electronic City,Kammanahalli,245.0,110.0,,,No,,1486,Cash,1,"4,6","4,6",1486.0
2024-07-24 22:31:00,22:31:00,CNR9321726478,Success,CID110541,Bike,JP Nagar,Jayanagar,42.0,65.0,,,No,,2347,Cash,2,"4,8","3,6",1173.5
2024-07-06 22:27:00,22:27:00,CNR7718366696,Success,CID379563,Prime Sedan,Rajajinagar,RT Nagar,35.0,35.0,,,No,,1210,Cash,1,"4,6","4,9",1210.0
2024-07-01 15:53:00,15:53:00,CNR8489915386,Success,CID451791,Mini,JP Nagar,Hosur Road,98.0,135.0,,,No,,634,Cash,1,"4,1","4,9",634.0
2024-07-16 08:38:00,08:38:00,CNR3793330080,Success,CID319854,Prime SUV,Devanahalli,Tumkur Road,280.0,95.0,,,No,,693,Cash,1,"4,2","4,9",693.0
2024-07-01 03:33:00,03:33:00,CNR4018498566,Success,CID192064,Auto,Rajajinagar,Rajarajeshwari Nagar,294.0,100.0,,,No,,2751,Cash,5,"4,2","4,7",550.2
2024-07-04 01:16:00,01:16:00,CNR5812110359,Success,CID631845,Mini,Yeshwanthpur,Richmond Town,252.0,85.0,,,No,,492,UPI,1,"3,8","3,1",492.0
2024-07-22 23:31:00,23:31:00,CNR6308950065,Success,CID991507,eBike,Tumkur Road,Kammanahalli,238.0,45.0,,,No,,2718,UPI,5,"4,2","4,5",543.6
2024-07-07 19:39:00,19:39:00,CNR1657162625,Success,CID685700,Auto,Rajarajeshwari Nagar,Langford Town,84.0,60.0,,,No,,733,Cash,1,"3,3","3,4",733.0
2024-07-18 17:12:00,17:12:00,CNR8734339020,Success,CID864188,Bike,Ramamurthy Nagar,Langford Town,56.0,40.0,,,No,,1950,UPI,1,4,"4,5",1950.0
2024-07-20 20:00:00,20:00:00,CNR2359485115,Success,CID794325,Prime Plus,BTM Layout,Hebbal,161.0,85.0,,,No,,2171,Cash,4,"3,6","3,8",542.75
2024-07-04 13:43:00,13:43:00,CNR3503910809,Success,CID309489,eBike,Sahakar Nagar,Ulsoor,301.0,75.0,,,No,,487,UPI,1,"3,1","4,8",487.0
2024-07-25 09:51:00,09:51:00,CNR3949921590,Success,CID997906,Auto,Frazer Town,Frazer Town,168.0,45.0,,,No,,1040,Cash,2,"4,1","4,9",520.0
2024-07-05 14:59:00,14:59:00,CNR8575802708,Success,CID865983,Prime SUV,Yeshwanthpur,Yelahanka,245.0,50.0,,,No,,1480,Cash,3,"4,8","3,9",493.3333333333333
2024-07-01 23:04:00,23:04:00,CNR6027442989,Success,CID330201,eBike,Cox Town,Devanahalli,238.0,85.0,,,No,,2127,UPI,4,"4,1",4,531.75
2024-07-28 12:20:00,12:20:00,CNR9202675135,Success,CID457476,Prime Plus,Hulimavu,Cox Town,105.0,90.0,,,No,,2909,Cash,5,"3,9",4,581.8
2024-07-15 21:57:00,21:57:00,CNR2180406434,Success,CID173522,Prime SUV,Banashankari,Koramangala,168.0,55.0,,,Yes,Vehicle Breakdown,1876,Cash,2,4,"3,5",938.0
2024-07-15 00:24:00,00:24:00,CNR3229876152,Success,CID628267,eBike,Magadi Road,KR Puram,280.0,80.0,,,No,,660,UPI,1,"4,2","4,2",660.0
2024-07-18 03:00:00,03:00:00,CNR6445747743,Success,CID332996,Mini,Frazer Town,Kengeri,35.0,100.0,,,No,,1132,Cash,2,"3,9","4,1",566.0
2024-07-18 02:05:00,02:05:00,CNR9483241945,Success,CID669152,Auto,Cox Town,Chickpet,112.0,105.0,,,No,,1154,Cash,2,"4,8","4,4",577.0
2024-07-03 15:45:00,15:45:00,CNR7985533624,Success,CID161219,Auto,Basavanagudi,Electronic City,98.0,85.0,,,Yes,Customer Demand,2936,UPI,5,"4,1","3,2",587.2
2024-07-24 23:16:00,23:16:00,CNR2960057707,Success,CID922709,Auto,Sahakar Nagar,Marathahalli,273.0,35.0,,,No,,2327,UPI,1,"4,6","3,6",2327.0
2024-07-14 21:16:00,21:16:00,CNR8089095978,Success,CID286486,Auto,Banashankari,BTM Layout,252.0,55.0,,,No,,505,Cash,1,"4,7","3,5",505.0
2024-07-11 07:53:00,07:53:00,CNR8364352707,Success,CID283337,Mini,Devanahalli,Kammanahalli,77.0,135.0,,,No,,570,Cash,1,3,"3,4",570.0
2024-07-17 11:08:00,11:08:00,CNR4539702550,Success,CID252345,Prime Sedan,Sahakar Nagar,Devanahalli,182.0,95.0,,,No,,1899,Credit Card,1,"3,3",3,1899.0
2024-07-15 05:41:00,05:41:00,CNR3940292287,Success,CID719756,Mini,Peenya,Banashankari,266.0,95.0,,,No,,2559,Credit Card,3,"3,7","4,2",853.0
2024-07-15 04:24:00,04:24:00,CNR7083804880,Success,CID212241,Bike,Ramamurthy Nagar,Magadi Road,112.0,95.0,,,No,,486,UPI,1,"3,4","4,4",486.0
2024-07-16 01:39:00,01:39:00,CNR3781960155,Success,CID486715,eBike,Devanahalli,Majestic,84.0,145.0,,,No,,2676,Cash,2,"3,6","3,9",1338.0
2024-07-02 09:18:00,09:18:00,CNR3347634912,Success,CID667813,Bike,Frazer Town,Electronic City,126.0,85.0,,,No,,979,UPI,2,4,"3,5",489.5
2024-07-12 07:39:00,07:39:00,CNR6516526965,Success,CID874496,Auto,Langford Town,Yeshwanthpur,238.0,60.0,,,No,,1567,UPI,3,"4,8","4,8",522.3333333333334
2024-07-23 23:55:00,23:55:00,CNR7342151624,Success,CID220162,Auto,Varthur,Hebbal,70.0,95.0,,,No,,998,Cash,1,"4,9","4,7",998.0
2024-07-30 15:15:00,15:15:00,CNR6810418320,Success,CID798645,Prime SUV,Koramangala,Devanahalli,189.0,35.0,,,No,,2005,Cash,2,"3,6","4,9",1002.5
2024-07-18 06:00:00,06:00:00,CNR9632138173,Success,CID322274,Prime Sedan,Varthur,Banashankari,189.0,80.0,,,No,,2519,UPI,5,"3,4","3,3",503.8
2024-07-15 04:27:00,04:27:00,CNR5319574087,Success,CID674378,eBike,Marathahalli,Chamarajpet,161.0,95.0,,,No,,2896,UPI,4,"3,9",4,724.0
2024-07-14 00:13:00,00:13:00,CNR1207882208,Success,CID888243,Bike,Mysore Road,HSR Layout,259.0,50.0,,,No,,924,UPI,1,"3,5","4,5",924.0
2024-07-09 05:05:00,05:05:00,CNR2946852732,Success,CID999981,Prime Sedan,Hosur Road,Richmond Town,182.0,90.0,,,No,,2435,UPI,3,"3,8","4,8",811.6666666666666
2024-07-10 20:48:00,20:48:00,CNR8580140429,Success,CID613284,Bike,Basavanagudi,Vijayanagar,49.0,145.0,,,No,,847,UPI,1,"4,5","3,4",847.0
2024-07-23 09:08:00,09:08:00,CNR7641331975,Success,CID201349,Prime Plus,RT Nagar,Kadugodi,224.0,110.0,,,No,,2037,Cash,4,3,"3,4",509.25
2024-07-16 01:01:00,01:01:00,CNR7434956175,Success,CID322371,Auto,Shantinagar,Nagarbhavi,105.0,100.0,,,No,,2292,Cash,3,"4,6","3,5",764.0
2024-07-17 09:24:00,09:24:00,CNR1064444256,Success,CID778646,Prime Plus,Marathahalli,Richmond Town,231.0,100.0,,,No,,646,UPI,1,"3,7","3,7",646.0
2024-07-15 17:45:00,17:45:00,CNR2032192641,Success,CID360112,Prime Plus,RT Nagar,Rajarajeshwari Nagar,182.0,35.0,,,No,,2483,UPI,3,"4,6",4,827.6666666666666
2024-07-08 19:55:00,19:55:00,CNR1483007458,Success,CID269930,Auto,Frazer Town,Sahakar Nagar,98.0,60.0,,,No,,1395,Cash,2,"4,8",4,697.5
2024-07-30 07:34:00,07:34:00,CNR9770925681,Success,CID275377,Prime Plus,Langford Town,Kadugodi,161.0,40.0,,,No,,1066,UPI,1,"3,1","4,5",1066.0
2024-07-20 02:55:00,02:55:00,CNR4835160151,Success,CID704218,Bike,Shantinagar,Bellandur,294.0,110.0,,,No,,2405,Cash,2,"3,8","3,6",1202.5
2024-07-26 04:45:00,04:45:00,CNR8804469441,Success,CID311532,Auto,HSR Layout,Varthur,56.0,95.0,,,No,,1693,UPI,1,"3,5","3,1",1693.0
2024-07-18 06:35:00,06:35:00,CNR1836304442,Success,CID308809,Prime Plus,Shivajinagar,Magadi Road,203.0,80.0,,,No,,2706,Cash,2,"4,8","3,3",1353.0
2024-07-21 02:04:00,02:04:00,CNR5943899813,Success,CID303357,Auto,Shivajinagar,Tumkur Road,147.0,30.0,,,No,,765,Cash,1,"3,4","4,5",765.0
2024-07-23 21:39:00,21:39:00,CNR9701414927,Success,CID421295,Prime Sedan,Rajarajeshwari Nagar,Shantinagar,245.0,130.0,,,No,,1952,Cash,4,"3,1","4,7",488.0
2024-07-14 03:06:00,03:06:00,CNR2150899464,Success,CID735213,Mini,Hennur,Varthur,168.0,120.0,,,No,,902,UPI,1,"4,1","3,1",902.0
2024-07-17 18:09:00,18:09:00,CNR1222190005,Success,CID881811,Auto,Cox Town,Peenya,42.0,115.0,,,No,,510,Cash,1,"4,7","4,4",510.0
2024-07-03 19:45:00,19:45:00,CNR4993338343,Success,CID270445,Prime Sedan,Chamarajpet,Bellandur,84.0,90.0,,,No,,2954,Cash,4,"3,8","3,4",738.5
2024-07-10 00:06:00,00:06:00,CNR4149780900,Success,CID546675,Auto,Devanahalli,Basavanagudi,266.0,85.0,,,No,,668,UPI,1,"4,4",4,668.0
2024-07-06 05:15:00,05:15:00,CNR7097760903,Success,CID944215,Mini,Peenya,JP Nagar,56.0,145.0,,,No,,864,Cash,1,"4,6","4,8",864.0
2024-07-22 17:44:00,17:44:00,CNR2949013001,Success,CID618278,eBike,HSR Layout,Hennur,126.0,100.0,,,No,,858,UPI,1,"3,5","3,9",858.0
2024-07-08 05:45:00,05:45:00,CNR4181403771,Success,CID804795,eBike,Shivajinagar,Koramangala,203.0,75.0,,,No,,722,UPI,1,"3,5","4,7",722.0
2024-07-12 14:50:00,14:50:00,CNR8383901482,Success,CID996468,Auto,Yeshwanthpur,Jayanagar,175.0,40.0,,,No,,961,UPI,1,"3,4","4,4",961.0
2024-07-29 19:16:00,19:16:00,CNR8875827192,Success,CID663650,Prime Sedan,Majestic,Hulimavu,266.0,45.0,,,Yes,Vehicle Breakdown,2948,Cash,5,"3,7","4,1",589.6
2024-07-13 15:54:00,15:54:00,CNR1047515550,Success,CID426092,Auto,Jayanagar,Electronic City,287.0,30.0,,,No,,493,Cash,1,"3,5",4,493.0
2024-07-16 00:49:00,00:49:00,CNR3288994650,Success,CID396210,Auto,Koramangala,Ulsoor,98.0,95.0,,,No,,2145,UPI,1,"4,4","4,3",2145.0
2024-07-23 12:37:00,12:37:00,CNR2781266916,Success,CID171325,Auto,Sarjapur Road,Cox Town,224.0,65.0,,,No,,518,UPI,1,"3,7","3,8",518.0
2024-07-22 07:10:00,07:10:00,CNR6696030093,Success,CID172576,Prime SUV,Frazer Town,Rajajinagar,224.0,75.0,,,No,,1785,UPI,2,"4,3","4,3",892.5
2024-07-17 07:06:00,07:06:00,CNR6555058689,Success,CID781441,Prime Plus,Chickpet,MG Road,266.0,65.0,,,No,,1414,Cash,1,"3,5","4,1",1414.0
2024-07-30 21:21:00,21:21:00,CNR6372751198,Success,CID441507,Mini,Kammanahalli,Cox Town,266.0,75.0,,,No,,1669,UPI,3,"4,5","3,1",556.3333333333334
2024-07-16 17:32:00,17:32:00,CNR2014005986,Success,CID722338,Prime SUV,Devanahalli,Cox Town,161.0,120.0,,,No,,1519,Cash,3,"3,3","4,3",506.3333333333333
2024-07-03 04:49:00,04:49:00,CNR5305614007,Success,CID827264,Prime Plus,Bannerghatta Road,Yeshwanthpur,266.0,130.0,,,No,,2922,UPI,2,"4,5","3,7",1461.0
2024-07-20 05:10:00,05:10:00,CNR7922941265,Success,CID174650,Prime SUV,Rajajinagar,Hebbal,196.0,85.0,,,No,,2629,UPI,4,4,"4,3",657.25
2024-07-09 01:37:00,01:37:00,CNR5215390630,Success,CID183051,eBike,Koramangala,Kammanahalli,231.0,60.0,,,No,,511,Cash,1,"4,7","4,2",511.0
2024-07-28 00:23:00,00:23:00,CNR9985107034,Success,CID982056,Prime SUV,Marathahalli,Kadugodi,280.0,140.0,,,No,,621,Cash,1,"4,9","4,3",621.0
2024-07-01 20:36:00,20:36:00,CNR3655457931,Success,CID648008,Auto,Rajajinagar,Ramamurthy Nagar,98.0,110.0,,,No,,804,Cash,1,"4,1","3,6",804.0
2024-07-27 10:52:00,10:52:00,CNR5909532380,Success,CID299027,Auto,Electronic City,RT Nagar,224.0,50.0,,,No,,558,Cash,1,"3,7","4,7",558.0
2024-07-22 14:13:00,14:13:00,CNR1810747839,Success,CID582560,Prime Plus,Devanahalli,Rajarajeshwari Nagar,182.0,100.0,,,No,,654,Cash,1,"3,8","4,9",654.0
2024-07-03 00:17:00,00:17:00,CNR3339709888,Success,CID432504,Prime Plus,Bannerghatta Road,Banashankari,182.0,120.0,,,No,,1753,Cash,2,"4,6","3,9",876.5
2024-07-02 21:19:00,21:19:00,CNR3456497107,Success,CID538441,Mini,Shivajinagar,Peenya,77.0,55.0,,,No,,1751,Cash,3,5,"3,7",583.6666666666666
2024-07-23 15:03:00,15:03:00,CNR9432050770,Success,CID682125,Prime Sedan,Padmanabhanagar,Ulsoor,140.0,105.0,,,No,,829,UPI,1,"4,8","4,6",829.0
2024-07-15 08:36:00,08:36:00,CNR8752150318,Success,CID682170,Auto,Electronic City,Peenya,35.0,25.0,,,No,,2665,UPI,3,3,"3,6",888.3333333333334
2024-07-13 04:56:00,04:56:00,CNR7276592171,Success,CID854441,Mini,BTM Layout,Magadi Road,189.0,90.0,,,No,,494,Cash,1,"4,2","4,7",494.0
2024-07-30 21:33:00,21:33:00,CNR3405982949,Success,CID808425,eBike,Varthur,Devanahalli,84.0,65.0,,,No,,2397,UPI,1,"3,6","4,9",2397.0
2024-07-12 17:40:00,17:40:00,CNR4324566429,Success,CID227581,eBike,Magadi Road,Malleshwaram,196.0,70.0,,,No,,2434,Cash,4,"3,6","4,5",608.5
2024-07-09 10:36:00,10:36:00,CNR7378042897,Success,CID140767,Prime Plus,Bannerghatta Road,Yeshwanthpur,301.0,95.0,,,No,,491,Cash,1,"3,7","4,1",491.0
2024-07-02 16:54:00,16:54:00,CNR2302987538,Success,CID577154,Auto,Devanahalli,BTM Layout,224.0,65.0,,,Yes,Customer Demand,2964,Credit Card,4,"4,1","3,9",741.0
2024-07-02 13:30:00,13:30:00,CNR5651465460,Success,CID542212,eBike,Cox Town,Whitefield,224.0,35.0,,,No,,604,Cash,1,"3,9",4,604.0
2024-07-15 04:29:00,04:29:00,CNR1844639473,Success,CID775629,eBike,Shivajinagar,Ulsoor,273.0,95.0,,,Yes,Vehicle Breakdown,1342,Cash,2,"4,4","3,2",671.0
2024-07-27 18:49:00,18:49:00,CNR5500525017,Success,CID889372,Prime SUV,Shantinagar,BTM Layout,126.0,135.0,,,No,,1053,UPI,2,4,"3,7",526.5
2024-07-25 09:45:00,09:45:00,CNR6023123282,Success,CID480071,Prime Plus,Devanahalli,Hulimavu,266.0,70.0,,,No,,837,Cash,1,"3,1","3,6",837.0
2024-07-24 05:19:00,05:19:00,CNR1597382977,Success,CID791947,eBike,Banashankari,Bannerghatta Road,287.0,105.0,,,No,,2835,Cash,5,4,3,567.0
2024-07-21 20:05:00,20:05:00,CNR8722174916,Success,CID500690,Prime Sedan,KR Puram,Mysore Road,245.0,55.0,,,No,,2812,UPI,5,"3,7","4,7",562.4
2024-07-21 09:12:00,09:12:00,CNR3638193663,Success,CID325393,Prime SUV,Majestic,Jayanagar,308.0,115.0,,,No,,2186,Cash,2,"4,8","3,5",1093.0
2024-07-03 09:00:00,09:00:00,CNR1742751995,Success,CID688562,Prime SUV,Richmond Town,Majestic,189.0,75.0,,,No,,2546,Cash,5,3,4,509.2
2024-07-22 00:20:00,00:20:00,CNR8176492510,Success,CID956489,eBike,Langford Town,Peenya,203.0,40.0,,,No,,764,Cash,1,"3,5","4,2",764.0
2024-07-08 22:13:00,22:13:00,CNR3824258458,Success,CID699544,eBike,Richmond Town,Majestic,147.0,140.0,,,No,,622,Cash,1,4,"4,5",622.0
2024-07-02 19:36:00,19:36:00,CNR3008989586,Success,CID163375,Mini,Cox Town,Yelahanka,301.0,50.0,,,No,,675,UPI,1,"3,1","3,5",675.0
2024-07-01 19:18:00,19:18:00,CNR6562461883,Success,CID700538,eBike,Cox Town,Mysore Road,224.0,70.0,,,No,,768,Cash,1,"3,8","3,4",768.0
2024-07-23 08:40:00,08:40:00,CNR8742633506,Success,CID901627,Auto,HSR Layout,Ulsoor,98.0,85.0,,,No,,2597,UPI,1,"4,5","3,8",2597.0
2024-07-16 08:28:00,08:28:00,CNR4245808631,Success,CID722695,Auto,Rajajinagar,Nagarbhavi,154.0,90.0,,,No,,767,UPI,1,"4,1","4,2",767.0
2024-07-23 22:08:00,22:08:00,CNR1177395416,Success,CID429667,Mini,Banashankari,RT Nagar,280.0,70.0,,,No,,692,UPI,1,"4,4","3,2",692.0
2024-07-14 11:51:00,11:51:00,CNR2284331675,Success,CID701779,Prime Plus,Hebbal,Langford Town,259.0,95.0,,,No,,2339,UPI,3,"4,8","3,1",779.6666666666666
2024-07-28 19:59:00,19:59:00,CNR9360526727,Success,CID919989,eBike,Cox Town,Rajajinagar,42.0,25.0,,,No,,2981,UPI,1,"3,2",4,2981.0
2024-07-29 10:32:00,10:32:00,CNR3322131240,Success,CID240732,Auto,Electronic City,Whitefield,175.0,70.0,,,No,,971,Cash,1,"4,2","3,2",971.0
2024-07-24 08:19:00,08:19:00,CNR5394799672,Success,CID398769,Auto,Sarjapur Road,Kengeri,112.0,75.0,,,No,,2060,Cash,2,4,4,1030.0
2024-07-06 15:58:00,15:58:00,CNR7228010036,Success,CID326964,Prime Sedan,Jayanagar,Frazer Town,301.0,40.0,,,No,,963,Cash,1,"3,7","4,7",963.0
2024-07-01 19:05:00,19:05:00,CNR9154951724,Success,CID336330,Prime SUV,RT Nagar,Magadi Road,196.0,45.0,,,No,,1201,UPI,1,"3,7","4,7",1201.0
2024-07-27 03:21:00,03:21:00,CNR7432087549,Success,CID647245,eBike,Marathahalli,Hebbal,105.0,115.0,,,No,,2936,UPI,4,"3,5","3,9",734.0
2024-07-30 01:22:00,01:22:00,CNR2751992923,Success,CID114819,Mini,BTM Layout,Yelahanka,273.0,80.0,,,No,,990,UPI,1,"3,6","3,5",990.0
2024-07-20 13:12:00,13:12:00,CNR2903922533,Success,CID463023,Auto,Hebbal,Malleshwaram,175.0,90.0,,,No,,2405,Cash,2,"4,1","3,3",1202.5
2024-07-22 02:16:00,02:16:00,CNR5785402731,Success,CID896100,Auto,Frazer Town,Hulimavu,63.0,55.0,,,No,,839,UPI,1,"4,8","4,6",839.0
2024-07-15 03:22:00,03:22:00,CNR1707975412,Success,CID337789,Auto,Shivajinagar,MG Road,189.0,35.0,,,No,,2109,Cash,4,"3,9","4,6",527.25
2024-07-27 01:51:00,01:51:00,CNR3605785653,Success,CID888536,Prime SUV,Koramangala,Ulsoor,175.0,100.0,,,Yes,Vehicle Breakdown,2589,UPI,3,"4,3",4,863.0
2024-07-08 02:46:00,02:46:00,CNR1298619964,Success,CID609286,Auto,Frazer Town,Chamarajpet,119.0,35.0,,,No,,492,UPI,1,"3,5","3,4",492.0
2024-07-14 19:43:00,19:43:00,CNR9654720194,Success,CID688270,Prime Sedan,Vijayanagar,Richmond Town,224.0,105.0,,,No,,494,Cash,1,"4,3","4,6",494.0
2024-07-18 16:47:00,16:47:00,CNR6479130330,Success,CID231906,Mini,Varthur,Yelahanka,224.0,35.0,,,No,,2742,Cash,3,"4,7","4,7",914.0
2024-07-25 17:53:00,17:53:00,CNR6672164568,Success,CID444535,Bike,Peenya,Yeshwanthpur,287.0,80.0,,,No,,518,UPI,1,"4,9","4,7",518.0
2024-07-22 12:26:00,12:26:00,CNR1722103145,Success,CID250640,Prime Sedan,Jayanagar,Ramamurthy Nagar,266.0,50.0,,,No,,1125,Cash,2,"3,1","4,3",562.5
2024-07-03 08:56:00,08:56:00,CNR8768763805,Success,CID437424,Auto,Nagarbhavi,Basavanagudi,119.0,45.0,,,No,,811,Cash,1,"3,6","4,4",811.0
2024-07-30 13:52:00,13:52:00,CNR6463996190,Success,CID226969,Auto,Hennur,Tumkur Road,245.0,100.0,,,No,,1739,UPI,1,"3,8",5,1739.0
2024-07-24 05:40:00,05:40:00,CNR2794653330,Success,CID396267,Prime Sedan,Hennur,Kadugodi,189.0,30.0,,,Yes,Customer Demand,2833,UPI,3,"4,9","3,9",944.3333333333334
2024-07-02 13:45:00,13:45:00,CNR9428130175,Success,CID127554,Bike,Chamarajpet,Mysore Road,308.0,130.0,,,No,,2127,Cash,4,"4,3","4,3",531.75
2024-07-24 01:24:00,01:24:00,CNR6192782778,Success,CID368628,Bike,Tumkur Road,JP Nagar,287.0,75.0,,,No,,2122,Cash,2,"3,9","4,7",1061.0
2024-07-22 17:47:00,17:47:00,CNR2337553957,Success,CID415582,Auto,Whitefield,HSR Layout,182.0,85.0,,,No,,491,UPI,1,"3,5","4,3",491.0
2024-07-09 00:43:00,00:43:00,CNR8437686908,Success,CID567252,Mini,BTM Layout,Langford Town,189.0,50.0,,,No,,1632,Cash,1,"4,8","3,4",1632.0
2024-07-20 15:31:00,15:31:00,CNR4597198595,Success,CID575247,Auto,Tumkur Road,Sahakar Nagar,287.0,55.0,,,No,,664,UPI,1,"4,3","4,6",664.0
2024-07-07 12:20:00,12:20:00,CNR9706157721,Success,CID731154,Mini,Frazer Town,Basavanagudi,133.0,130.0,,,No,,2726,Cash,2,"3,3","3,9",1363.0
2024-07-02 23:04:00,23:04:00,CNR9336873759,Success,CID958739,Prime Sedan,Whitefield,Tumkur Road,294.0,80.0,,,No,,884,Cash,1,"4,8","4,8",884.0
2024-07-21 05:31:00,05:31:00,CNR3455090935,Success,CID207299,eBike,Jayanagar,Kengeri,147.0,110.0,,,No,,2312,UPI,4,"4,4","4,7",578.0
2024-07-15 03:10:00,03:10:00,CNR2934187163,Success,CID240331,Auto,Mysore Road,Ulsoor,252.0,35.0,,,No,,1117,UPI,2,"4,9","3,2",558.5
2024-07-21 07:49:00,07:49:00,CNR4638671432,Success,CID342302,Auto,Malleshwaram,Basavanagudi,63.0,85.0,,,Yes,Vehicle Breakdown,877,UPI,1,"3,4","3,3",877.0
2024-07-17 04:59:00,04:59:00,CNR6011778234,Success,CID165019,Mini,Kammanahalli,Whitefield,140.0,135.0,,,No,,601,UPI,1,"3,8","4,2",601.0
2024-07-10 02:56:00,02:56:00,CNR4958882741,Success,CID503276,eBike,Shivajinagar,Devanahalli,56.0,140.0,,,No,,498,Cash,1,"4,6",3,498.0
2024-07-27 02:31:00,02:31:00,CNR1832371459,Success,CID192294,Bike,Jayanagar,Tumkur Road,238.0,100.0,,,No,,782,UPI,1,"4,5","4,9",782.0
2024-07-29 10:22:00,10:22:00,CNR9720960688,Success,CID290569,Bike,Padmanabhanagar,Yeshwanthpur,161.0,40.0,,,No,,1627,UPI,2,"3,4","4,4",813.5
2024-07-13 05:17:00,05:17:00,CNR4353412286,Success,CID762274,Prime Sedan,Nagarbhavi,Whitefield,77.0,145.0,,,No,,741,UPI,1,"4,3","4,9",741.0
2024-07-27 10:27:00,10:27:00,CNR6401776477,Success,CID256248,Auto,Tumkur Road,Vijayanagar,98.0,110.0,,,No,,2465,Cash,1,"3,1","4,5",2465.0
2024-07-05 07:47:00,07:47:00,CNR8224709500,Success,CID455002,Prime SUV,Richmond Town,Shantinagar,147.0,135.0,,,Yes,Other Issue,1907,UPI,3,"4,7","4,3",635.6666666666666
2024-07-04 16:38:00,16:38:00,CNR2580037142,Success,CID464876,Auto,Yeshwanthpur,Bannerghatta Road,294.0,130.0,,,No,,689,Cash,1,"3,2","3,1",689.0
2024-07-07 04:54:00,04:54:00,CNR2124285525,Success,CID357266,Prime Sedan,Majestic,JP Nagar,203.0,40.0,,,No,,495,UPI,1,"3,6","4,8",495.0
2024-07-07 08:36:00,08:36:00,CNR3582519274,Success,CID395871,Auto,Shantinagar,Tumkur Road,224.0,40.0,,,No,,2308,UPI,2,"3,8","3,8",1154.0
2024-07-27 21:20:00,21:20:00,CNR1998722889,Success,CID651636,Bike,Devanahalli,Marathahalli,210.0,95.0,,,No,,2729,UPI,5,"4,3","3,3",545.8
2024-07-06 14:02:00,14:02:00,CNR3788646754,Success,CID912294,Bike,Electronic City,Nagarbhavi,245.0,135.0,,,No,,2211,Cash,1,"4,9","3,1",2211.0
2024-07-17 03:07:00,03:07:00,CNR1146524660,Success,CID200115,Bike,JP Nagar,Varthur,238.0,40.0,,,No,,1718,UPI,1,"4,9",3,1718.0
2024-07-25 06:08:00,06:08:00,CNR3227208271,Success,CID487777,Mini,Peenya,Kammanahalli,210.0,130.0,,,No,,2644,Cash,1,"3,8","3,3",2644.0
2024-07-26 00:32:00,00:32:00,CNR2395845519,Success,CID807792,Bike,Jayanagar,Bannerghatta Road,133.0,65.0,,,No,,2294,UPI,2,4,"4,1",1147.0
2024-07-25 22:31:00,22:31:00,CNR2406284490,Success,CID938820,Bike,Vijayanagar,Shantinagar,280.0,85.0,,,No,,996,UPI,2,"4,9","3,6",498.0
2024-07-22 23:59:00,23:59:00,CNR8438718351,Success,CID617259,Auto,Koramangala,Kammanahalli,189.0,95.0,,,No,,2213,UPI,1,"4,7","4,9",2213.0
2024-07-19 11:42:00,11:42:00,CNR9891777654,Success,CID642806,Auto,Mysore Road,Yelahanka,301.0,100.0,,,No,,516,UPI,1,"4,7","4,7",516.0
2024-07-09 19:58:00,19:58:00,CNR9424412284,Success,CID616361,Prime SUV,Richmond Town,Jayanagar,126.0,35.0,,,No,,2426,UPI,3,"3,8","3,1",808.6666666666666
2024-07-27 02:42:00,02:42:00,CNR2336186094,Success,CID854711,Auto,Devanahalli,Frazer Town,168.0,55.0,,,No,,1852,Cash,1,"3,1","4,9",1852.0
2024-07-15 10:13:00,10:13:00,CNR9279837152,Success,CID886729,Prime Plus,HSR Layout,RT Nagar,238.0,30.0,,,No,,970,UPI,2,"4,6","4,3",485.0
2024-07-22 00:14:00,00:14:00,CNR3292564969,Success,CID636575,Bike,Yelahanka,KR Puram,238.0,75.0,,,Yes,Vehicle Breakdown,1622,Cash,1,"3,5","4,5",1622.0
2024-07-30 16:02:00,16:02:00,CNR5825451288,Success,CID913049,Prime SUV,Malleshwaram,Jayanagar,126.0,130.0,,,No,,970,Cash,1,"4,8","3,2",970.0
2024-07-30 10:29:00,10:29:00,CNR9883897265,Success,CID538939,Auto,Hosur Road,Vijayanagar,196.0,95.0,,,No,,562,Cash,1,"4,3","3,5",562.0
2024-07-15 07:41:00,07:41:00,CNR1156626711,Success,CID336338,eBike,Yeshwanthpur,JP Nagar,98.0,30.0,,,No,,2106,Cash,1,"4,1",4,2106.0
2024-07-14 20:19:00,20:19:00,CNR8492653829,Success,CID497434,Prime SUV,Langford Town,Indiranagar,161.0,135.0,,,No,,2009,UPI,4,"4,4","3,2",502.25
2024-07-29 05:27:00,05:27:00,CNR7395206860,Success,CID182641,Auto,Hulimavu,Koramangala,210.0,90.0,,,No,,2478,UPI,5,"4,8","4,1",495.6
2024-07-05 12:02:00,12:02:00,CNR3561118839,Success,CID803053,eBike,Chickpet,Rajajinagar,231.0,90.0,,,No,,1512,Cash,2,"4,7","4,7",756.0
2024-07-22 08:37:00,08:37:00,CNR2952677255,Success,CID379435,Prime SUV,Indiranagar,Sarjapur Road,154.0,50.0,,,No,,935,Cash,1,"3,5","4,7",935.0
2024-07-07 20:17:00,20:17:00,CNR7643713685,Success,CID420709,eBike,Sahakar Nagar,Peenya,238.0,55.0,,,No,,2131,UPI,4,"4,4","4,6",532.75
2024-07-10 13:48:00,13:48:00,CNR8888277752,Success,CID736658,Prime SUV,Shivajinagar,Koramangala,287.0,30.0,,,No,,2351,Cash,2,"4,8","4,3",1175.5
2024-07-10 23:35:00,23:35:00,CNR2776836738,Success,CID525957,Prime SUV,Varthur,Bellandur,112.0,100.0,,,No,,599,Cash,1,"3,4","3,1",599.0
2024-07-29 00:46:00,00:46:00,CNR2552217729,Success,CID569383,Mini,Padmanabhanagar,MG Road,231.0,140.0,,,No,,1776,Cash,3,"4,1","4,8",592.0
2024-07-15 17:44:00,17:44:00,CNR5367286652,Success,CID922698,eBike,Whitefield,HSR Layout,63.0,90.0,,,Yes,Customer Demand,2835,UPI,3,4,"3,3",945.0
2024-07-06 12:42:00,12:42:00,CNR1266332178,Success,CID954129,Prime Plus,Jayanagar,Varthur,77.0,145.0,,,No,,1371,Cash,2,4,"3,3",685.5
2024-07-20 03:08:00,03:08:00,CNR5664142701,Success,CID702405,Mini,Hebbal,Cox Town,224.0,65.0,,,No,,967,UPI,1,"3,2","3,3",967.0
2024-07-01 14:20:00,14:20:00,CNR1033575280,Success,CID724238,Auto,Kammanahalli,Varthur,280.0,85.0,,,No,,630,UPI,1,"3,4",4,630.0
2024-07-25 21:43:00,21:43:00,CNR5669463085,Success,CID420051,Prime SUV,Langford Town,Bellandur,112.0,30.0,,,No,,963,UPI,1,"4,4","3,9",963.0
2024-07-16 00:53:00,00:53:00,CNR2026043966,Success,CID969756,Prime Plus,Shivajinagar,Majestic,266.0,135.0,,,No,,2943,Cash,3,"4,7","4,2",981.0
2024-07-16 13:43:00,13:43:00,CNR8894900379,Success,CID582925,Bike,Ulsoor,Whitefield,119.0,115.0,,,No,,2328,Cash,2,"4,7","4,9",1164.0
2024-07-04 10:08:00,10:08:00,CNR7920217230,Success,CID318410,Prime Sedan,Mysore Road,Mysore Road,63.0,130.0,,,No,,1585,UPI,2,"3,3","4,8",792.5
2024-07-09 18:54:00,18:54:00,CNR2573159138,Success,CID876962,Auto,Kadugodi,Devanahalli,133.0,85.0,,,No,,1475,UPI,3,"3,6","3,7",491.6666666666667
2024-07-11 13:25:00,13:25:00,CNR8515747095,Success,CID730784,Auto,Marathahalli,Sahakar Nagar,77.0,135.0,,,No,,648,UPI,1,"4,1","4,4",648.0
2024-07-20 23:49:00,23:49:00,CNR7651233096,Success,CID303193,Mini,Padmanabhanagar,Cox Town,231.0,90.0,,,Yes,Other Issue,899,UPI,1,"4,8","4,4",899.0
2024-07-30 00:02:00,00:02:00,CNR8316578000,Success,CID350292,Mini,Shantinagar,Koramangala,224.0,85.0,,,No,,666,Cash,1,"3,3","4,8",666.0
2024-07-22 20:14:00,20:14:00,CNR3400600266,Success,CID465023,Prime Plus,Chamarajpet,Shantinagar,217.0,100.0,,,No,,2769,UPI,1,"3,6","4,6",2769.0
2024-07-01 12:27:00,12:27:00,CNR3911813405,Success,CID376054,Auto,Malleshwaram,Langford Town,252.0,40.0,,,No,,1885,UPI,2,3,"4,1",942.5
2024-07-17 01:16:00,01:16:00,CNR2529337102,Success,CID114770,eBike,HSR Layout,Koramangala,91.0,110.0,,,No,,498,Cash,1,"4,6","3,8",498.0
2024-07-03 13:34:00,13:34:00,CNR6837058471,Success,CID289831,Auto,Rajarajeshwari Nagar,Magadi Road,245.0,30.0,,,No,,2201,Cash,4,"4,5","3,4",550.25
2024-07-29 18:25:00,18:25:00,CNR2021382889,Success,CID973812,Prime SUV,Marathahalli,Chickpet,91.0,85.0,,,No,,1239,Cash,1,"4,6","4,4",1239.0
2024-07-26 15:39:00,15:39:00,CNR2735996717,Success,CID186657,eBike,Frazer Town,Frazer Town,224.0,115.0,,,No,,1852,Cash,2,"4,9","3,8",926.0
2024-07-02 21:42:00,21:42:00,CNR5727094955,Success,CID852484,eBike,BTM Layout,Yelahanka,196.0,125.0,,,Yes,Vehicle Breakdown,639,Cash,1,"4,6","4,4",639.0
2024-07-10 11:03:00,11:03:00,CNR2882657730,Success,CID577542,Auto,Yeshwanthpur,Hulimavu,161.0,90.0,,,No,,1971,Cash,4,"3,3","3,9",492.75
2024-07-09 00:33:00,00:33:00,CNR5297557981,Success,CID137952,Bike,Tumkur Road,Majestic,238.0,95.0,,,No,,795,Cash,1,"3,3","4,3",795.0
2024-07-22 05:13:00,05:13:00,CNR9855319293,Success,CID158720,Mini,Banashankari,Tumkur Road,210.0,125.0,,,No,,642,UPI,1,"4,4","3,2",642.0
2024-07-04 03:56:00,03:56:00,CNR9561974887,Success,CID448981,Prime Plus,Cox Town,Bannerghatta Road,56.0,105.0,,,No,,2306,Cash,3,"3,6","3,6",768.6666666666666
2024-07-18 02:14:00,02:14:00,CNR3591475226,Success,CID825950,Mini,Marathahalli,Devanahalli,266.0,135.0,,,No,,2359,Cash,1,5,"4,6",2359.0
2024-07-29 23:12:00,23:12:00,CNR3552506725,Success,CID921556,eBike,Malleshwaram,Rajarajeshwari Nagar,105.0,95.0,,,No,,1334,UPI,2,"3,4","3,7",667.0
2024-07-16 06:17:00,06:17:00,CNR1168380295,Success,CID635736,Auto,Hulimavu,Chamarajpet,217.0,125.0,,,No,,607,Cash,1,"4,1","4,8",607.0
2024-07-16 09:15:00,09:15:00,CNR8888796172,Success,CID880259,Bike,RT Nagar,Padmanabhanagar,168.0,30.0,,,No,,723,Cash,1,"4,9","4,8",723.0
2024-07-08 07:24:00,07:24:00,CNR2083068169,Success,CID273563,Bike,Sahakar Nagar,Jayanagar,245.0,105.0,,,No,,955,UPI,1,4,"4,8",955.0
2024-07-16 21:39:00,21:39:00,CNR1760791944,Success,CID677372,eBike,Marathahalli,Indiranagar,294.0,65.0,,,No,,2213,UPI,1,"3,6","4,4",2213.0
2024-07-25 06:54:00,06:54:00,CNR4494602529,Success,CID823000,Prime Plus,Marathahalli,Devanahalli,196.0,105.0,,,No,,2622,Cash,4,"4,3","3,3",655.5
2024-07-23 19:12:00,19:12:00,CNR7847177636,Success,CID872548,eBike,Bellandur,Hebbal,175.0,45.0,,,No,,682,Credit Card,1,"4,8","4,9",682.0
2024-07-13 03:31:00,03:31:00,CNR3705572791,Success,CID924080,Prime Plus,JP Nagar,HSR Layout,98.0,65.0,,,Yes,Other Issue,496,UPI,1,"4,2","3,3",496.0
2024-07-14 03:20:00,03:20:00,CNR4825479794,Success,CID517317,Prime Plus,Magadi Road,Mysore Road,42.0,35.0,,,No,,613,Cash,1,"3,4","4,5",613.0
2024-07-20 01:32:00,01:32:00,CNR1126961682,Success,CID850647,Bike,Marathahalli,Devanahalli,63.0,45.0,,,Yes,Customer Demand,1422,Cash,1,4,3,1422.0
2024-07-10 09:22:00,09:22:00,CNR4145753077,Success,CID219030,Mini,MG Road,Padmanabhanagar,126.0,85.0,,,No,,757,UPI,1,"3,2","3,8",757.0
2024-07-27 15:51:00,15:51:00,CNR5702723447,Success,CID120050,Mini,Marathahalli,JP Nagar,168.0,40.0,,,No,,587,UPI,1,"3,7","3,9",587.0
2024-07-05 07:22:00,07:22:00,CNR4263684838,Success,CID856409,Auto,Kengeri,Malleshwaram,77.0,115.0,,,No,,690,Cash,1,"3,5",5,690.0
2024-07-09 03:41:00,03:41:00,CNR8286985343,Success,CID882931,eBike,Shantinagar,Bellandur,133.0,45.0,,,No,,505,Cash,1,"3,4","3,2",505.0
2024-07-29 16:47:00,16:47:00,CNR5939474224,Success,CID650805,Auto,Bannerghatta Road,Cox Town,287.0,60.0,,,No,,847,Cash,1,5,"4,2",847.0
2024-07-14 03:01:00,03:01:00,CNR4144400604,Success,CID722506,eBike,Hebbal,Chamarajpet,231.0,40.0,,,Yes,Vehicle Breakdown,2645,Cash,5,"3,4","4,2",529.0
2024-07-17 03:01:00,03:01:00,CNR4180151412,Success,CID903280,Auto,Peenya,Bannerghatta Road,301.0,40.0,,,No,,745,Cash,1,"4,5","3,8",745.0
2024-07-29 17:34:00,17:34:00,CNR9104270420,Success,CID699070,eBike,Rajajinagar,Nagarbhavi,175.0,50.0,,,No,,2658,UPI,1,"3,3","4,1",2658.0
2024-07-13 12:57:00,12:57:00,CNR1195121245,Success,CID387724,eBike,RT Nagar,Majestic,182.0,70.0,,,No,,580,Cash,1,"3,7","3,7",580.0
2024-07-19 00:20:00,00:20:00,CNR1650320408,Success,CID843102,Mini,Ulsoor,Hennur,56.0,65.0,,,No,,2305,Credit Card,1,"3,8","3,7",2305.0
2024-07-09 05:15:00,05:15:00,CNR5276323960,Success,CID582333,Auto,Rajajinagar,HSR Layout,308.0,120.0,,,No,,2311,UPI,2,"3,5","3,9",1155.5
2024-07-04 01:07:00,01:07:00,CNR7590461886,Success,CID807047,eBike,Shantinagar,Whitefield,154.0,45.0,,,Yes,Vehicle Breakdown,492,Cash,1,"4,7","4,8",492.0
2024-07-29 21:03:00,21:03:00,CNR2455597299,Success,CID615652,Prime SUV,Frazer Town,Cox Town,63.0,40.0,,,No,,2773,Cash,4,"4,7","3,5",693.25
2024-07-03 21:40:00,21:40:00,CNR7446532767,Success,CID234142,Prime Plus,JP Nagar,MG Road,189.0,85.0,,,No,,688,Cash,1,"3,4",3,688.0
2024-07-25 07:52:00,07:52:00,CNR4333674214,Success,CID566205,Bike,Banashankari,Ulsoor,308.0,135.0,,,No,,2733,Cash,1,5,"4,2",2733.0
2024-07-29 03:59:00,03:59:00,CNR1918154263,Success,CID411841,Mini,Frazer Town,Chickpet,161.0,135.0,,,No,,2511,UPI,1,"3,3","3,7",2511.0
2024-07-30 02:39:00,02:39:00,CNR4970007721,Success,CID292403,Auto,RT Nagar,Peenya,133.0,80.0,,,No,,1734,UPI,3,"4,1","3,5",578.0
2024-07-09 10:37:00,10:37:00,CNR2398313328,Success,CID785448,Prime Plus,Indiranagar,Frazer Town,56.0,55.0,,,No,,1460,UPI,2,"4,5","3,9",730.0
2024-07-19 05:03:00,05:03:00,CNR3672977978,Success,CID989309,Auto,Magadi Road,RT Nagar,77.0,50.0,,,No,,2335,UPI,3,"4,3","3,5",778.3333333333334
2024-07-01 02:58:00,02:58:00,CNR2225176562,Success,CID976514,Auto,BTM Layout,Varthur,35.0,30.0,,,No,,2805,UPI,2,"4,7",4,1402.5
2024-07-09 19:51:00,19:51:00,CNR9089835197,Success,CID148761,Auto,Cox Town,Ulsoor,98.0,50.0,,,No,,972,Cash,2,"4,6",5,486.0
2024-07-01 13:59:00,13:59:00,CNR7281558288,Success,CID445988,Prime Plus,Magadi Road,Cox Town,84.0,135.0,,,No,,2746,UPI,5,"4,4",3,549.2
2024-07-20 18:12:00,18:12:00,CNR9152280014,Success,CID133962,Auto,Indiranagar,Padmanabhanagar,112.0,55.0,,,No,,642,Cash,1,"4,5",4,642.0
2024-07-08 13:22:00,13:22:00,CNR7868043506,Success,CID516004,Prime Plus,Richmond Town,Whitefield,98.0,140.0,,,Yes,Customer Demand,664,Cash,1,"3,9","3,2",664.0
2024-07-30 06:59:00,06:59:00,CNR1347216999,Success,CID952372,Mini,Ulsoor,Bellandur,42.0,105.0,,,No,,2839,UPI,1,"4,4",4,2839.0
2024-07-06 22:41:00,22:41:00,CNR8046161912,Success,CID617913,Auto,Peenya,Yeshwanthpur,308.0,50.0,,,No,,496,Cash,1,"3,9","4,4",496.0
2024-07-22 11:42:00,11:42:00,CNR6988863860,Success,CID377123,eBike,Ulsoor,Jayanagar,252.0,45.0,,,No,,1546,Cash,2,"3,7","3,9",773.0
2024-07-13 03:00:00,03:00:00,CNR7125459057,Success,CID949554,Auto,Vijayanagar,Nagarbhavi,189.0,35.0,,,No,,1552,UPI,3,"4,1","4,5",517.3333333333334
2024-07-20 10:53:00,10:53:00,CNR2640980616,Success,CID710007,Bike,RT Nagar,Whitefield,49.0,145.0,,,No,,2602,UPI,3,"3,2","4,9",867.3333333333334
2024-07-04 18:26:00,18:26:00,CNR8218516865,Success,CID853358,Auto,Devanahalli,Varthur,161.0,95.0,,,No,,1641,UPI,1,"4,8",4,1641.0
2024-07-16 11:10:00,11:10:00,CNR9999736375,Success,CID389853,Prime SUV,Yelahanka,Tumkur Road,70.0,120.0,,,No,,915,UPI,1,"3,2","3,4",915.0
2024-07-09 14:59:00,14:59:00,CNR4288643718,Success,CID154737,Prime Sedan,Devanahalli,Rajajinagar,84.0,45.0,,,No,,815,Cash,1,"3,4","3,8",815.0
2024-07-11 16:46:00,16:46:00,CNR5852504621,Success,CID632119,Bike,Yeshwanthpur,Koramangala,308.0,130.0,,,Yes,Customer Demand,2933,UPI,2,4,"4,3",1466.5
2024-07-01 01:59:00,01:59:00,CNR1855329994,Success,CID718101,Bike,Yeshwanthpur,Sahakar Nagar,203.0,85.0,,,No,,2544,UPI,2,"3,7","3,4",1272.0
2024-07-01 15:37:00,15:37:00,CNR7020375089,Success,CID798506,Auto,Varthur,Kadugodi,266.0,95.0,,,No,,488,Cash,1,"3,6","4,1",488.0
2024-07-01 15:10:00,15:10:00,CNR3997876569,Success,CID813150,Prime Plus,Basavanagudi,Bellandur,266.0,35.0,,,No,,2793,UPI,5,3,"4,9",558.6
2024-07-02 12:13:00,12:13:00,CNR7497656079,Success,CID246016,eBike,Tumkur Road,Rajajinagar,287.0,100.0,,,No,,874,UPI,1,4,"4,6",874.0
2024-07-01 07:21:00,07:21:00,CNR6699271225,Success,CID916868,eBike,Hennur,Magadi Road,126.0,35.0,,,No,,2440,Cash,4,"4,5","4,2",610.0
2024-07-01 04:23:00,04:23:00,CNR2818336733,Success,CID255646,Mini,Koramangala,BTM Layout,266.0,75.0,,,No,,2827,Cash,4,"4,5","3,2",706.75
2024-07-24 05:50:00,05:50:00,CNR4816121753,Success,CID596014,Prime Sedan,Hennur,Peenya,266.0,100.0,,,No,,1310,Cash,1,"3,6","4,6",1310.0
2024-07-14 04:48:00,04:48:00,CNR8706703175,Success,CID946697,Prime Sedan,Vijayanagar,Electronic City,175.0,60.0,,,No,,657,UPI,1,"4,6","3,5",657.0
2024-07-21 23:16:00,23:16:00,CNR7446169188,Success,CID910546,Prime Plus,Hulimavu,Hosur Road,196.0,25.0,,,No,,927,Cash,1,"4,1","3,3",927.0
2024-07-10 09:34:00,09:34:00,CNR1436222892,Success,CID391820,Auto,Shantinagar,Yeshwanthpur,105.0,25.0,,,Yes,Vehicle Breakdown,2801,Cash,1,"4,1",4,2801.0
2024-07-21 22:03:00,22:03:00,CNR3606870094,Success,CID633527,Prime Sedan,Cox Town,Indiranagar,196.0,55.0,,,No,,1473,UPI,3,5,"3,3",491.0
2024-07-24 00:06:00,00:06:00,CNR6422954704,Success,CID410804,Auto,Richmond Town,Langford Town,35.0,90.0,,,Yes,Vehicle Breakdown,563,Cash,1,"3,1","3,3",563.0
2024-07-11 13:05:00,13:05:00,CNR9037886653,Success,CID119869,eBike,Jayanagar,Rajajinagar,154.0,80.0,,,No,,2198,Credit Card,1,"4,7","3,2",2198.0
2024-07-16 08:40:00,08:40:00,CNR9331212171,Success,CID908275,Mini,Shantinagar,Marathahalli,119.0,70.0,,,No,,2596,UPI,4,"3,8","4,9",649.0
2024-07-21 06:44:00,06:44:00,CNR6277394690,Success,CID901030,Mini,JP Nagar,Vijayanagar,105.0,50.0,,,No,,1810,UPI,1,"3,7","3,2",1810.0
2024-07-01 04:35:00,04:35:00,CNR6072154132,Success,CID507850,Prime Sedan,Jayanagar,Chickpet,42.0,55.0,,,No,,2716,UPI,4,"3,7","4,1",679.0
2024-07-02 07:57:00,07:57:00,CNR1832916701,Success,CID510768,Prime Plus,Mysore Road,Kammanahalli,56.0,140.0,,,No,,2180,Cash,3,"3,3","3,4",726.6666666666666
2024-07-25 06:53:00,06:53:00,CNR4305732483,Success,CID135085,Auto,RT Nagar,Jayanagar,147.0,100.0,,,No,,2259,Cash,4,"3,7","3,9",564.75
2024-07-08 04:15:00,04:15:00,CNR6897970810,Success,CID944504,Auto,Peenya,Bannerghatta Road,140.0,35.0,,,No,,685,UPI,1,"3,4","3,6",685.0
2024-07-07 09:55:00,09:55:00,CNR1066855166,Success,CID532314,Bike,Mysore Road,HSR Layout,259.0,50.0,,,No,,1269,UPI,1,"3,6","3,2",1269.0
2024-07-12 23:38:00,23:38:00,CNR6492372213,Success,CID958465,Bike,Koramangala,Richmond Town,224.0,125.0,,,No,,994,Cash,1,"3,2","3,8",994.0
2024-07-21 04:35:00,04:35:00,CNR3710682709,Success,CID463183,Bike,Kadugodi,Whitefield,42.0,70.0,,,No,,1196,Cash,2,"4,3",4,598.0
2024-07-26 23:02:00,23:02:00,CNR9303714759,Success,CID585831,Auto,Basavanagudi,Kadugodi,189.0,95.0,,,Yes,Vehicle Breakdown,727,Cash,1,"3,5",4,727.0
2024-07-13 03:25:00,03:25:00,CNR2235049297,Success,CID476866,Prime SUV,Koramangala,Hulimavu,84.0,50.0,,,No,,608,UPI,1,"4,4","4,5",608.0
2024-07-12 17:13:00,17:13:00,CNR4847947677,Success,CID666534,Auto,Koramangala,Hulimavu,63.0,30.0,,,No,,2447,UPI,3,"4,5",5,815.6666666666666
2024-07-28 17:17:00,17:17:00,CNR1993143132,Success,CID815130,Prime Sedan,JP Nagar,Shivajinagar,112.0,70.0,,,No,,809,Cash,1,"4,3","4,8",809.0
2024-07-16 10:33:00,10:33:00,CNR9220378282,Success,CID879471,Mini,Varthur,RT Nagar,259.0,120.0,,,No,,2625,Cash,5,"4,5","4,9",525.0
2024-07-25 10:11:00,10:11:00,CNR1865499935,Success,CID522466,eBike,Majestic,Marathahalli,280.0,25.0,,,No,,2776,UPI,5,"3,8","3,2",555.2
2024-07-06 03:08:00,03:08:00,CNR2687478428,Success,CID780671,Mini,Ulsoor,Ulsoor,238.0,125.0,,,No,,970,Cash,2,"3,1","4,4",485.0
2024-07-22 17:02:00,17:02:00,CNR7456278993,Success,CID580085,Auto,Kengeri,Hebbal,140.0,115.0,,,No,,935,UPI,1,"3,1",3,935.0
2024-07-21 08:40:00,08:40:00,CNR1564045484,Success,CID105643,Prime Sedan,Basavanagudi,Cox Town,175.0,65.0,,,No,,2908,UPI,4,"4,1","3,3",727.0
2024-07-07 14:03:00,14:03:00,CNR1328368260,Success,CID578884,Bike,Whitefield,RT Nagar,70.0,65.0,,,No,,756,Cash,1,"3,2","3,3",756.0
2024-07-25 20:35:00,20:35:00,CNR6436847809,Success,CID767721,Prime Plus,Chamarajpet,Hebbal,238.0,60.0,,,No,,2296,UPI,3,"3,6","3,6",765.3333333333334
2024-07-02 09:54:00,09:54:00,CNR2039228270,Success,CID119818,Auto,Hosur Road,Hebbal,105.0,60.0,,,No,,724,Cash,1,"3,6","4,2",724.0
2024-07-20 22:25:00,22:25:00,CNR2581257759,Success,CID306774,Prime Plus,Magadi Road,Vijayanagar,217.0,90.0,,,No,,2852,UPI,5,"4,7","4,1",570.4
2024-07-16 11:14:00,11:14:00,CNR2325324621,Success,CID392337,Prime Plus,Indiranagar,Koramangala,119.0,65.0,,,No,,980,Cash,2,"4,6","4,8",490.0
2024-07-18 21:56:00,21:56:00,CNR8017560940,Success,CID927213,Prime Sedan,Electronic City,Shivajinagar,210.0,65.0,,,No,,618,UPI,1,"4,6","3,6",618.0
2024-07-27 09:42:00,09:42:00,CNR3148828086,Success,CID706395,Prime SUV,Kengeri,MG Road,63.0,70.0,,,No,,2474,UPI,1,"4,9","4,6",2474.0
2024-07-06 01:43:00,01:43:00,CNR5321363481,Success,CID289052,Auto,Devanahalli,Shantinagar,77.0,90.0,,,No,,2266,Cash,2,"4,5","3,3",1133.0
2024-07-03 06:48:00,06:48:00,CNR4886238337,Success,CID973484,Prime SUV,Hosur Road,Vijayanagar,84.0,35.0,,,No,,2400,Cash,1,3,"3,9",2400.0
2024-07-24 16:59:00,16:59:00,CNR1809756267,Success,CID700202,Auto,Banashankari,Yelahanka,140.0,65.0,,,No,,2861,Cash,5,"4,3","4,7",572.2
2024-07-02 15:26:00,15:26:00,CNR2352211777,Success,CID151316,Auto,Peenya,Langford Town,126.0,145.0,,,No,,2904,UPI,5,"3,2","3,3",580.8
2024-07-29 08:44:00,08:44:00,CNR4078151715,Success,CID589908,Prime Plus,HSR Layout,Hosur Road,147.0,45.0,,,No,,2823,Cash,2,"3,8","4,5",1411.5
2024-07-19 21:41:00,21:41:00,CNR7159173845,Success,CID915191,Auto,Ulsoor,Kadugodi,35.0,45.0,,,No,,2324,Cash,2,"4,1",3,1162.0
2024-07-26 17:00:00,17:00:00,CNR9616794541,Success,CID898813,Auto,Padmanabhanagar,KR Puram,49.0,65.0,,,No,,1461,Cash,3,"3,8","3,9",487.0
2024-07-16 01:25:00,01:25:00,CNR8189079334,Success,CID616764,Prime Sedan,Ramamurthy Nagar,Hosur Road,168.0,115.0,,,No,,2846,Cash,3,"4,5","3,1",948.6666666666666
2024-07-20 22:34:00,22:34:00,CNR2703953164,Success,CID876549,Auto,Kadugodi,Frazer Town,210.0,25.0,,,No,,877,Cash,1,"4,8","3,3",877.0
2024-07-21 22:22:00,22:22:00,CNR5970372020,Success,CID299353,Auto,Cox Town,Banashankari,168.0,120.0,,,No,,952,Cash,1,"4,3","3,4",952.0
2024-07-12 06:32:00,06:32:00,CNR9555311349,Success,CID680525,Prime Sedan,Basavanagudi,Hebbal,280.0,95.0,,,No,,988,UPI,1,"3,9","4,1",988.0
2024-07-15 13:39:00,13:39:00,CNR1039704461,Success,CID136952,Prime SUV,Peenya,Yeshwanthpur,70.0,95.0,,,No,,2516,Cash,4,"3,7","4,5",629.0
2024-07-12 23:11:00,23:11:00,CNR4131853443,Success,CID563360,Bike,Hennur,Rajarajeshwari Nagar,56.0,35.0,,,No,,882,UPI,1,"4,2","4,3",882.0
2024-07-07 23:54:00,23:54:00,CNR4946081845,Success,CID853532,Auto,Tumkur Road,Vijayanagar,70.0,40.0,,,No,,1203,UPI,1,3,"4,5",1203.0
2024-07-17 03:09:00,03:09:00,CNR3659869004,Success,CID459699,Bike,Chamarajpet,Sarjapur Road,280.0,70.0,,,No,,992,Cash,1,"4,6","3,8",992.0
2024-07-16 02:42:00,02:42:00,CNR7095556680,Success,CID714066,Prime SUV,RT Nagar,HSR Layout,70.0,125.0,,,No,,797,UPI,1,"3,6","3,4",797.0
2024-07-21 19:19:00,19:19:00,CNR5614417718,Success,CID320994,Auto,Tumkur Road,Bannerghatta Road,119.0,30.0,,,No,,2840,UPI,2,"3,3","3,8",1420.0
2024-07-19 14:05:00,14:05:00,CNR8661907990,Success,CID207082,Auto,Koramangala,Koramangala,56.0,25.0,,,No,,2757,Cash,2,5,4,1378.5
2024-07-15 01:03:00,01:03:00,CNR9698631467,Success,CID403301,Prime Sedan,Rajajinagar,Devanahalli,56.0,65.0,,,No,,601,Cash,1,5,"4,2",601.0
2024-07-26 19:57:00,19:57:00,CNR6317801648,Success,CID284012,Mini,Shantinagar,Kadugodi,161.0,45.0,,,No,,993,UPI,1,"3,7","3,3",993.0
2024-07-17 14:25:00,14:25:00,CNR1592432943,Success,CID163365,Auto,Malleshwaram,Langford Town,147.0,45.0,,,No,,2086,UPI,1,"4,8","4,1",2086.0
2024-07-24 02:49:00,02:49:00,CNR9379285782,Success,CID579121,Bike,Kammanahalli,Ulsoor,168.0,100.0,,,No,,493,UPI,1,"4,2","3,7",493.0
2024-07-08 16:49:00,16:49:00,CNR5134364592,Success,CID671939,Mini,Chamarajpet,Hebbal,224.0,110.0,,,No,,549,Cash,1,"4,4","3,2",549.0
2024-07-06 06:29:00,06:29:00,CNR1500848737,Success,CID363983,Auto,Rajarajeshwari Nagar,Hulimavu,224.0,100.0,,,Yes,Vehicle Breakdown,2094,UPI,3,"3,5","4,4",698.0
2024-07-25 23:24:00,23:24:00,CNR7132241342,Success,CID959265,Auto,Sahakar Nagar,Shantinagar,35.0,45.0,,,No,,2627,Cash,5,"3,7","3,7",525.4
2024-07-18 11:02:00,11:02:00,CNR3435061599,Success,CID797410,eBike,Chickpet,Koramangala,98.0,40.0,,,No,,2973,Cash,2,"4,8",4,1486.5
2024-07-25 06:37:00,06:37:00,CNR5048470354,Success,CID954357,Prime Sedan,Ulsoor,MG Road,308.0,145.0,,,No,,2145,Cash,3,"4,5","3,7",715.0
2024-07-28 01:40:00,01:40:00,CNR5288144098,Success,CID283249,Prime SUV,Chamarajpet,Rajajinagar,98.0,95.0,,,Yes,Other Issue,1956,UPI,3,"3,5","4,9",652.0
2024-07-17 14:35:00,14:35:00,CNR5120126290,Success,CID592509,Mini,Ramamurthy Nagar,Hennur,77.0,135.0,,,No,,2140,Cash,1,"3,8",5,2140.0
2024-07-16 09:51:00,09:51:00,CNR3903496179,Success,CID845464,Prime SUV,Mysore Road,Shantinagar,119.0,75.0,,,No,,560,UPI,1,"3,8","3,6",560.0
2024-07-23 13:10:00,13:10:00,CNR2640615822,Success,CID497869,Prime Sedan,Yelahanka,Rajarajeshwari Nagar,203.0,100.0,,,No,,663,Cash,1,"4,3",5,663.0
2024-07-16 17:43:00,17:43:00,CNR3624294503,Success,CID411158,Mini,Vijayanagar,Sahakar Nagar,245.0,125.0,,,No,,985,Cash,1,"3,1","3,1",985.0
2024-07-18 23:44:00,23:44:00,CNR6351054159,Success,CID250117,Bike,Varthur,Nagarbhavi,56.0,130.0,,,No,,899,Debit Card,1,"3,6","4,3",899.0
2024-07-25 02:15:00,02:15:00,CNR3131831724,Success,CID863415,Prime SUV,Vijayanagar,Kammanahalli,77.0,80.0,,,No,,602,Cash,1,"3,1","3,6",602.0
2024-07-14 15:52:00,15:52:00,CNR3634960556,Success,CID469817,Auto,Hulimavu,Yelahanka,49.0,140.0,,,No,,2981,UPI,5,"3,8","4,1",596.2
2024-07-14 10:01:00,10:01:00,CNR2114045376,Success,CID140972,Prime Sedan,Devanahalli,Shivajinagar,273.0,130.0,,,No,,1521,Cash,2,"4,7","4,3",760.5
2024-07-13 06:55:00,06:55:00,CNR4373628171,Success,CID181259,Auto,Indiranagar,Electronic City,133.0,90.0,,,No,,632,UPI,1,"3,3",4,632.0
2024-07-01 10:58:00,10:58:00,CNR5361868098,Success,CID455922,Auto,Hennur,Kadugodi,196.0,45.0,,,No,,1279,Cash,2,5,4,639.5
2024-07-08 07:09:00,07:09:00,CNR6497713293,Success,CID702976,Auto,KR Puram,Hebbal,175.0,115.0,,,No,,2889,Cash,3,"3,2","3,8",963.0
2024-07-29 21:01:00,21:01:00,CNR9337912115,Success,CID217007,Auto,Langford Town,Mysore Road,77.0,115.0,,,No,,1247,UPI,2,"3,1","3,8",623.5
2024-07-07 09:19:00,09:19:00,CNR1484916782,Success,CID639254,Prime Sedan,Cox Town,Marathahalli,98.0,135.0,,,No,,714,UPI,1,"3,7",4,714.0
2024-07-17 23:22:00,23:22:00,CNR2184766545,Success,CID891531,Prime Sedan,Jayanagar,Kadugodi,238.0,25.0,,,No,,769,UPI,1,"3,7","3,3",769.0
2024-07-15 05:03:00,05:03:00,CNR3201153344,Success,CID774468,Prime Plus,Vijayanagar,KR Puram,308.0,75.0,,,No,,592,Cash,1,"3,5","4,1",592.0
2024-07-24 14:45:00,14:45:00,CNR2706739789,Success,CID183503,Prime Sedan,MG Road,Cox Town,147.0,80.0,,,No,,2501,UPI,1,"3,9","3,3",2501.0
2024-07-21 06:29:00,06:29:00,CNR4365776459,Success,CID486737,Prime SUV,Rajarajeshwari Nagar,Hennur,63.0,100.0,,,No,,2940,UPI,2,"4,2","4,9",1470.0
2024-07-29 07:55:00,07:55:00,CNR7145133072,Success,CID524430,Auto,Chamarajpet,Hosur Road,77.0,110.0,,,No,,2919,Cash,3,"4,8","3,8",973.0
2024-07-03 16:29:00,16:29:00,CNR8749525217,Success,CID166981,Auto,HSR Layout,Ramamurthy Nagar,266.0,35.0,,,No,,678,Cash,1,"3,6","3,5",678.0
2024-07-05 18:00:00,18:00:00,CNR7502288702,Success,CID451127,Prime SUV,Sarjapur Road,Hulimavu,217.0,145.0,,,No,,2228,UPI,4,"3,3","3,8",557.0
2024-07-28 03:50:00,03:50:00,CNR4152099575,Success,CID956174,Prime Plus,Shantinagar,Devanahalli,266.0,30.0,,,No,,2448,Cash,4,4,"3,2",612.0
2024-07-22 05:57:00,05:57:00,CNR7026383929,Success,CID504765,eBike,Ramamurthy Nagar,Varthur,119.0,30.0,,,No,,1312,UPI,1,4,"3,7",1312.0
2024-07-29 10:12:00,10:12:00,CNR2959373129,Success,CID499758,Prime Plus,Kammanahalli,Chamarajpet,280.0,55.0,,,No,,837,Cash,1,"4,7","3,8",837.0
2024-07-23 13:41:00,13:41:00,CNR5632799262,Success,CID943761,Auto,Chamarajpet,KR Puram,294.0,60.0,,,No,,2739,UPI,4,"4,7","4,1",684.75
2024-07-05 16:02:00,16:02:00,CNR1169016354,Success,CID783152,Auto,Whitefield,Tumkur Road,154.0,50.0,,,No,,2670,Cash,5,"3,9",5,534.0
2024-07-21 15:16:00,15:16:00,CNR7880110452,Success,CID582763,Prime SUV,Sarjapur Road,Banashankari,84.0,45.0,,,No,,924,Cash,1,"4,3","4,6",924.0
2024-07-13 13:32:00,13:32:00,CNR9727070774,Success,CID894452,Prime SUV,JP Nagar,Nagarbhavi,196.0,100.0,,,No,,528,Cash,1,"3,5","3,1",528.0
2024-07-19 22:31:00,22:31:00,CNR7593461595,Success,CID682485,Auto,Yeshwanthpur,Jayanagar,217.0,70.0,,,No,,2175,Cash,4,"4,5","4,8",543.75
2024-07-03 08:08:00,08:08:00,CNR8776904725,Success,CID701727,Prime SUV,Chamarajpet,Mysore Road,210.0,140.0,,,No,,1025,UPI,2,"4,6","4,2",512.5
2024-07-16 14:04:00,14:04:00,CNR8302999842,Success,CID211974,Mini,Ramamurthy Nagar,BTM Layout,119.0,130.0,,,No,,2527,Cash,5,"4,9","4,7",505.4
2024-07-16 01:05:00,01:05:00,CNR8589940176,Success,CID100363,eBike,Cox Town,Ulsoor,196.0,145.0,,,No,,2378,Cash,4,4,"4,7",594.5
2024-07-03 22:42:00,22:42:00,CNR3175419601,Success,CID798968,eBike,Hosur Road,Whitefield,56.0,60.0,,,No,,818,Cash,1,"3,9","4,9",818.0
2024-07-16 21:35:00,21:35:00,CNR6335735964,Success,CID314735,Auto,Malleshwaram,MG Road,63.0,85.0,,,No,,488,Cash,1,"4,1","3,4",488.0
2024-07-17 17:40:00,17:40:00,CNR4517109558,Success,CID882442,Prime Sedan,Sarjapur Road,Bellandur,301.0,145.0,,,Yes,Vehicle Breakdown,955,Cash,1,"3,9","4,2",955.0
2024-07-25 03:52:00,03:52:00,CNR8401212204,Success,CID408612,Prime SUV,Koramangala,Kadugodi,91.0,115.0,,,No,,2039,Cash,4,"4,8",4,509.75
2024-07-25 18:18:00,18:18:00,CNR1835695628,Success,CID363880,Mini,Rajajinagar,Malleshwaram,301.0,75.0,,,No,,1966,UPI,2,"4,7","3,4",983.0
2024-07-05 00:11:00,00:11:00,CNR1549259452,Success,CID412686,Prime Sedan,Bannerghatta Road,Kammanahalli,42.0,95.0,,,No,,561,UPI,1,"3,8","3,9",561.0
2024-07-11 06:49:00,06:49:00,CNR2391380494,Success,CID661260,eBike,Marathahalli,Rajajinagar,133.0,30.0,,,No,,508,Cash,1,"3,8","4,1",508.0
2024-07-11 05:43:00,05:43:00,CNR5397815519,Success,CID410021,Bike,Sahakar Nagar,Richmond Town,112.0,25.0,,,No,,729,UPI,1,5,"3,8",729.0
2024-07-30 00:30:00,00:30:00,CNR3969911164,Success,CID163786,Prime Sedan,Basavanagudi,Nagarbhavi,294.0,80.0,,,No,,674,Cash,1,"3,5","3,5",674.0
2024-07-17 19:44:00,19:44:00,CNR3226409944,Success,CID200782,Mini,Ulsoor,Kammanahalli,175.0,130.0,,,No,,1696,Cash,3,"3,5","4,5",565.3333333333334
2024-07-15 04:53:00,04:53:00,CNR4850903880,Success,CID618488,Auto,Padmanabhanagar,Tumkur Road,147.0,130.0,,,No,,2953,UPI,5,"3,7","3,6",590.6
2024-07-08 02:24:00,02:24:00,CNR7909164833,Success,CID903169,Prime SUV,Majestic,BTM Layout,266.0,130.0,,,No,,673,Cash,1,"4,4","4,9",673.0
2024-07-24 10:20:00,10:20:00,CNR4168981165,Success,CID137722,Auto,Tumkur Road,Rajarajeshwari Nagar,56.0,125.0,,,No,,672,UPI,1,"3,5","3,6",672.0
2024-07-11 18:18:00,18:18:00,CNR4944367970,Success,CID639310,Prime SUV,Sahakar Nagar,Peenya,224.0,30.0,,,No,,2047,UPI,3,"4,4","3,6",682.3333333333334
2024-07-01 22:02:00,22:02:00,CNR3887639361,Success,CID883345,Bike,Peenya,KR Puram,91.0,140.0,,,No,,2815,Cash,2,"4,6","3,8",1407.5
2024-07-12 00:14:00,00:14:00,CNR9017539102,Success,CID364407,Prime Plus,Rajajinagar,Padmanabhanagar,112.0,30.0,,,No,,902,Cash,1,"4,6","4,2",902.0
2024-07-08 06:06:00,06:06:00,CNR8409514002,Success,CID352579,Auto,BTM Layout,Varthur,70.0,85.0,,,No,,851,UPI,1,"3,8","3,9",851.0
2024-07-05 01:39:00,01:39:00,CNR6233774806,Success,CID932336,Bike,Varthur,Sarjapur Road,105.0,80.0,,,No,,1712,Cash,1,"3,4",3,1712.0
2024-07-28 23:03:00,23:03:00,CNR8942063966,Success,CID574611,Auto,Nagarbhavi,Peenya,147.0,135.0,,,No,,711,Cash,1,"4,8","3,7",711.0
2024-07-28 21:36:00,21:36:00,CNR1824819049,Success,CID801004,Prime Sedan,Hulimavu,MG Road,266.0,90.0,,,No,,2197,Cash,4,"4,6","3,8",549.25
2024-07-10 09:44:00,09:44:00,CNR6185623073,Success,CID162312,Auto,Yelahanka,Rajarajeshwari Nagar,266.0,35.0,,,No,,749,Cash,1,"4,3","3,4",749.0
2024-07-12 06:43:00,06:43:00,CNR9225343176,Success,CID620907,Bike,Peenya,Mysore Road,266.0,30.0,,,No,,1546,Cash,1,"3,4","3,7",1546.0
2024-07-08 15:15:00,15:15:00,CNR6411241013,Success,CID493453,Prime SUV,Majestic,Devanahalli,70.0,125.0,,,No,,1854,UPI,3,"3,7","4,4",618.0
2024-07-22 18:35:00,18:35:00,CNR9666042119,Success,CID497996,Prime SUV,Koramangala,Kammanahalli,182.0,100.0,,,No,,817,Cash,1,"3,4","4,5",817.0
2024-07-21 19:42:00,19:42:00,CNR3491354911,Success,CID137394,Mini,Cox Town,RT Nagar,301.0,80.0,,,No,,1736,Cash,3,"3,3",4,578.6666666666666
2024-07-26 14:28:00,14:28:00,CNR4139240913,Success,CID332997,Prime SUV,Hulimavu,Magadi Road,210.0,60.0,,,No,,2683,UPI,1,"4,8","4,2",2683.0
2024-07-03 22:43:00,22:43:00,CNR3376448476,Success,CID572423,Auto,Whitefield,Indiranagar,84.0,40.0,,,No,,974,Cash,2,"4,3","3,3",487.0
2024-07-05 06:01:00,06:01:00,CNR9080562790,Success,CID683229,Prime Plus,Magadi Road,Chamarajpet,210.0,40.0,,,No,,538,UPI,1,"3,4","4,3",538.0
2024-07-03 08:35:00,08:35:00,CNR5935110396,Success,CID882231,eBike,Chickpet,BTM Layout,49.0,120.0,,,No,,992,Cash,1,"3,4","3,7",992.0
2024-07-24 12:05:00,12:05:00,CNR3374577128,Success,CID669130,Auto,Banashankari,RT Nagar,301.0,45.0,,,No,,2068,Cash,2,"4,4","4,8",1034.0
2024-07-12 02:55:00,02:55:00,CNR9131067834,Success,CID906839,Prime Plus,Marathahalli,Hulimavu,98.0,50.0,,,No,,2739,Cash,4,"4,4","4,3",684.75
2024-07-21 12:59:00,12:59:00,CNR6569842310,Success,CID550526,Auto,Majestic,Marathahalli,140.0,75.0,,,No,,853,Cash,1,3,"3,8",853.0
2024-07-05 23:55:00,23:55:00,CNR1818551258,Success,CID602703,Bike,Langford Town,Devanahalli,287.0,110.0,,,No,,959,Cash,1,3,"4,4",959.0
2024-07-24 18:11:00,18:11:00,CNR5012564597,Success,CID598188,Auto,Ramamurthy Nagar,Bannerghatta Road,259.0,145.0,,,No,,643,Cash,1,5,"3,1",643.0
2024-07-04 07:53:00,07:53:00,CNR5745809571,Success,CID976665,Mini,Kammanahalli,Bannerghatta Road,273.0,40.0,,,No,,1565,Cash,1,"3,9","3,1",1565.0
2024-07-18 15:29:00,15:29:00,CNR6024906554,Success,CID610537,Auto,KR Puram,Varthur,105.0,110.0,,,No,,2458,Cash,3,"4,3","4,8",819.3333333333334
2024-07-27 18:48:00,18:48:00,CNR5968096093,Success,CID412163,Auto,Magadi Road,Rajarajeshwari Nagar,119.0,55.0,,,No,,726,UPI,1,"4,2","3,3",726.0
2024-07-21 16:46:00,16:46:00,CNR9193801694,Success,CID382715,Auto,RT Nagar,Rajarajeshwari Nagar,266.0,80.0,,,No,,2484,Credit Card,1,"4,7","3,2",2484.0
2024-07-10 19:42:00,19:42:00,CNR2456716090,Success,CID616852,Auto,Rajajinagar,Nagarbhavi,259.0,65.0,,,No,,2440,UPI,3,"4,6","3,7",813.3333333333334
2024-07-15 16:25:00,16:25:00,CNR6541368281,Success,CID791347,Bike,Hulimavu,Whitefield,280.0,120.0,,,No,,2916,Cash,5,"3,1","4,3",583.2
2024-07-04 12:19:00,12:19:00,CNR1897030220,Success,CID839597,Auto,Electronic City,Chickpet,91.0,55.0,,,Yes,Customer Demand,2546,Cash,2,"3,3","4,4",1273.0
2024-07-19 08:45:00,08:45:00,CNR6549381794,Success,CID250184,Prime Plus,Yelahanka,Indiranagar,161.0,135.0,,,No,,581,UPI,1,"4,1","4,3",581.0
2024-07-24 19:59:00,19:59:00,CNR4970434823,Success,CID867818,Mini,Hulimavu,Shivajinagar,301.0,100.0,,,No,,915,Cash,1,"3,9","3,6",915.0
2024-07-22 16:26:00,16:26:00,CNR3076342495,Success,CID202847,Bike,JP Nagar,Peenya,42.0,90.0,,,Yes,Customer Demand,684,Credit Card,1,"3,5","3,7",684.0
2024-07-05 03:04:00,03:04:00,CNR7399679198,Success,CID315619,Prime SUV,Hebbal,Yelahanka,133.0,50.0,,,No,,825,Cash,1,"3,6","3,4",825.0
2024-07-25 00:11:00,00:11:00,CNR4314051761,Success,CID114253,Prime Plus,Whitefield,JP Nagar,98.0,85.0,,,No,,2429,UPI,4,"3,7","3,1",607.25
2024-07-04 10:18:00,10:18:00,CNR4360217308,Success,CID532692,Mini,KR Puram,Kadugodi,56.0,80.0,,,No,,987,Cash,1,"3,2","3,3",987.0
2024-07-16 04:05:00,04:05:00,CNR9572153646,Success,CID170774,Bike,Kengeri,Majestic,301.0,65.0,,,No,,1042,Cash,1,4,"3,6",1042.0
2024-07-09 03:52:00,03:52:00,CNR3917106042,Success,CID512017,Prime SUV,HSR Layout,Bellandur,42.0,105.0,,,No,,2719,Credit Card,3,"4,4","3,5",906.3333333333334
2024-07-16 12:35:00,12:35:00,CNR5740855445,Success,CID697639,eBike,Shivajinagar,Magadi Road,119.0,30.0,,,No,,640,UPI,1,"4,4","3,4",640.0
2024-07-08 00:50:00,00:50:00,CNR4602786918,Success,CID808592,eBike,Ramamurthy Nagar,Frazer Town,259.0,140.0,,,No,,2614,UPI,3,"3,1","3,5",871.3333333333334
2024-07-09 04:50:00,04:50:00,CNR7653148462,Success,CID507347,Prime Plus,Richmond Town,Bannerghatta Road,252.0,30.0,,,No,,957,UPI,1,"3,3","3,6",957.0
2024-07-15 03:21:00,03:21:00,CNR7331068652,Success,CID236576,eBike,Koramangala,HSR Layout,91.0,35.0,,,No,,1685,Debit Card,1,"4,1","4,3",1685.0
2024-07-26 17:18:00,17:18:00,CNR3803736354,Success,CID750617,eBike,Kammanahalli,Tumkur Road,140.0,25.0,,,No,,1772,Cash,1,"4,1","3,5",1772.0
2024-07-05 21:16:00,21:16:00,CNR3974276438,Success,CID988592,Mini,Hosur Road,Hosur Road,175.0,70.0,,,No,,516,UPI,1,"4,9","3,7",516.0
2024-07-02 21:39:00,21:39:00,CNR7584536346,Success,CID122100,Bike,Padmanabhanagar,Devanahalli,63.0,125.0,,,No,,1867,Cash,1,"3,8","3,8",1867.0
2024-07-25 06:27:00,06:27:00,CNR2322306518,Success,CID167937,Bike,Sarjapur Road,Ulsoor,49.0,95.0,,,No,,2523,UPI,3,"3,9","4,2",841.0
2024-07-08 20:28:00,20:28:00,CNR3005214497,Success,CID729782,Bike,Mysore Road,Mysore Road,259.0,40.0,,,No,,2410,Cash,4,"4,4","3,1",602.5
2024-07-22 08:51:00,08:51:00,CNR8429684651,Success,CID536628,Prime Sedan,Bellandur,Shantinagar,105.0,50.0,,,No,,1177,Cash,2,"3,5","4,1",588.5
2024-07-08 11:28:00,11:28:00,CNR4420310802,Success,CID996040,eBike,Indiranagar,Chickpet,196.0,110.0,,,No,,850,Cash,1,"4,4","3,9",850.0
2024-07-24 14:26:00,14:26:00,CNR5667134227,Success,CID911280,Auto,Devanahalli,BTM Layout,224.0,45.0,,,No,,1328,Cash,1,"4,6","3,6",1328.0
2024-07-06 14:15:00,14:15:00,CNR7392762932,Success,CID674018,Bike,Cox Town,Kengeri,287.0,60.0,,,No,,546,Cash,1,"4,6","3,8",546.0
2024-07-12 21:43:00,21:43:00,CNR7801350085,Success,CID127420,Bike,Koramangala,Magadi Road,252.0,35.0,,,Yes,Vehicle Breakdown,775,Cash,1,"4,4","3,8",775.0
2024-07-21 10:48:00,10:48:00,CNR3401406216,Success,CID349969,Prime Plus,Shivajinagar,Kadugodi,308.0,135.0,,,Yes,Customer Demand,2178,UPI,2,"3,5","4,3",1089.0
2024-07-27 11:10:00,11:10:00,CNR3119152299,Success,CID138337,eBike,Hennur,Hulimavu,308.0,85.0,,,No,,1803,UPI,2,"4,1","3,2",901.5
2024-07-04 04:47:00,04:47:00,CNR2448324206,Success,CID625867,Prime Plus,Padmanabhanagar,Frazer Town,112.0,70.0,,,No,,1247,UPI,2,4,5,623.5
2024-07-14 12:19:00,12:19:00,CNR7187464501,Success,CID998449,Bike,KR Puram,Kammanahalli,280.0,50.0,,,No,,2659,UPI,1,3,3,2659.0
2024-07-12 23:23:00,23:23:00,CNR7949425760,Success,CID235544,Bike,Jayanagar,Magadi Road,273.0,25.0,,,No,,525,UPI,1,"3,8","4,9",525.0
2024-07-23 13:08:00,13:08:00,CNR3336484143,Success,CID400526,Auto,BTM Layout,Kengeri,105.0,90.0,,,No,,2776,Cash,4,"3,2","3,7",694.0
2024-07-26 05:48:00,05:48:00,CNR5856110042,Success,CID120391,Mini,Sahakar Nagar,Malleshwaram,126.0,55.0,,,No,,2478,UPI,5,"3,6","4,3",495.6
2024-07-01 18:09:00,18:09:00,CNR2577420864,Success,CID115782,Prime Sedan,Malleshwaram,Jayanagar,182.0,95.0,,,No,,1955,UPI,3,4,"3,1",651.6666666666666
2024-07-02 18:26:00,18:26:00,CNR6714047926,Success,CID130926,Auto,Yelahanka,Shivajinagar,203.0,110.0,,,No,,2358,Cash,1,"3,3","4,3",2358.0
2024-07-11 16:57:00,16:57:00,CNR2490518602,Success,CID523713,Mini,Nagarbhavi,Devanahalli,91.0,125.0,,,No,,1190,Cash,2,"4,6",5,595.0
2024-07-18 10:40:00,10:40:00,CNR3885105282,Success,CID603213,Auto,Majestic,Kadugodi,154.0,140.0,,,No,,977,Cash,2,"3,4","4,6",488.5
2024-07-14 21:55:00,21:55:00,CNR9498297060,Success,CID609759,Auto,BTM Layout,Kammanahalli,147.0,105.0,,,No,,2977,UPI,4,"4,4","4,9",744.25
2024-07-17 23:56:00,23:56:00,CNR1027768942,Success,CID266133,Prime Plus,Ramamurthy Nagar,Peenya,301.0,75.0,,,No,,940,Cash,1,"4,3","3,8",940.0
2024-07-06 12:27:00,12:27:00,CNR8633115337,Success,CID799166,Bike,Basavanagudi,Chamarajpet,189.0,145.0,,,No,,610,Cash,1,"3,3","3,4",610.0
2024-07-07 16:04:00,16:04:00,CNR6063407421,Success,CID181782,eBike,Bellandur,Sarjapur Road,217.0,115.0,,,No,,1391,Cash,2,"4,6","3,3",695.5
2024-07-04 21:53:00,21:53:00,CNR1916228453,Success,CID659489,Auto,Jayanagar,Kadugodi,252.0,35.0,,,No,,2757,UPI,4,"3,3","4,3",689.25
2024-07-13 02:02:00,02:02:00,CNR8130746615,Success,CID947618,Prime Plus,Banashankari,Hebbal,280.0,70.0,,,No,,2912,Cash,4,"3,1","4,1",728.0
2024-07-25 04:57:00,04:57:00,CNR4741364540,Success,CID711524,eBike,BTM Layout,Devanahalli,147.0,135.0,,,No,,504,Cash,1,"4,1","4,9",504.0
2024-07-07 05:31:00,05:31:00,CNR5343818160,Success,CID152472,Auto,Sarjapur Road,Nagarbhavi,119.0,140.0,,,No,,2878,UPI,5,"4,6","3,7",575.6
2024-07-19 18:03:00,18:03:00,CNR8902384358,Success,CID350613,Auto,Kammanahalli,Kammanahalli,217.0,75.0,,,No,,2808,UPI,4,"4,4","4,5",702.0
2024-07-25 20:07:00,20:07:00,CNR7664511447,Success,CID469408,Bike,Indiranagar,Richmond Town,217.0,100.0,,,No,,2985,UPI,4,"4,9","3,7",746.25
2024-07-10 11:38:00,11:38:00,CNR5390291593,Success,CID409156,eBike,Yelahanka,Marathahalli,273.0,55.0,,,No,,2345,UPI,4,"3,6","4,2",586.25
2024-07-29 13:31:00,13:31:00,CNR7658837366,Success,CID517484,Auto,HSR Layout,Padmanabhanagar,42.0,55.0,,,No,,812,UPI,1,"4,4","3,2",812.0
2024-07-07 10:57:00,10:57:00,CNR6713644847,Success,CID822840,Mini,Jayanagar,BTM Layout,84.0,90.0,,,No,,954,UPI,1,"3,9","4,3",954.0
2024-07-01 10:18:00,10:18:00,CNR4377863696,Success,CID820285,Prime Plus,Rajajinagar,Malleshwaram,77.0,120.0,,,No,,2220,Cash,2,"3,5","3,8",1110.0
2024-07-05 01:06:00,01:06:00,CNR2097736383,Success,CID586603,Bike,Bannerghatta Road,Hulimavu,175.0,125.0,,,No,,795,Cash,1,"3,5","4,8",795.0
2024-07-28 02:30:00,02:30:00,CNR1911635758,Success,CID579740,Prime SUV,Banashankari,Richmond Town,280.0,60.0,,,No,,567,Cash,1,4,"4,8",567.0
2024-07-13 07:50:00,07:50:00,CNR6330898214,Success,CID109581,Prime Sedan,Padmanabhanagar,Malleshwaram,56.0,105.0,,,No,,634,Cash,1,"4,9","4,2",634.0
2024-07-09 02:41:00,02:41:00,CNR4348886493,Success,CID937355,Bike,Jayanagar,HSR Layout,70.0,85.0,,,No,,1418,Cash,2,"4,3","3,8",709.0
2024-07-03 11:04:00,11:04:00,CNR2022646844,Success,CID407285,Prime Plus,Vijayanagar,Hennur,196.0,45.0,,,No,,533,UPI,1,"3,5","4,4",533.0
2024-07-27 07:23:00,07:23:00,CNR7192672999,Success,CID131097,eBike,Shivajinagar,Devanahalli,56.0,145.0,,,No,,2515,UPI,1,"4,1","3,6",2515.0
2024-07-07 12:15:00,12:15:00,CNR9931228534,Success,CID246161,Auto,Kengeri,Indiranagar,175.0,135.0,,,No,,542,UPI,1,"3,7","4,9",542.0
2024-07-24 11:16:00,11:16:00,CNR2275669469,Success,CID766097,Prime SUV,Kadugodi,Kammanahalli,154.0,125.0,,,No,,2026,UPI,2,4,"4,6",1013.0
2024-07-06 15:24:00,15:24:00,CNR4852529253,Success,CID580072,Mini,Rajajinagar,Koramangala,147.0,120.0,,,No,,1866,UPI,1,4,"3,7",1866.0
2024-07-24 03:36:00,03:36:00,CNR1135460418,Success,CID389378,Prime SUV,Peenya,Kammanahalli,140.0,70.0,,,No,,2903,Cash,3,"3,7","3,2",967.6666666666666
2024-07-10 04:46:00,04:46:00,CNR2442042408,Success,CID483507,Auto,Basavanagudi,Bellandur,147.0,50.0,,,No,,2840,Credit Card,2,"4,1",4,1420.0
2024-07-19 14:04:00,14:04:00,CNR5957417511,Success,CID819237,Auto,Cox Town,Cox Town,105.0,115.0,,,No,,577,Cash,1,"4,2","4,9",577.0
2024-07-07 17:37:00,17:37:00,CNR2693835883,Success,CID911719,Prime SUV,Langford Town,Mysore Road,42.0,125.0,,,No,,688,UPI,1,4,5,688.0
2024-07-18 18:24:00,18:24:00,CNR2110161959,Success,CID617341,Auto,Indiranagar,KR Puram,245.0,70.0,,,No,,2616,Cash,4,"3,1","4,5",654.0
2024-07-03 11:31:00,11:31:00,CNR5821653180,Success,CID976060,eBike,Whitefield,Hebbal,231.0,70.0,,,No,,733,UPI,1,"3,1","4,5",733.0
2024-07-05 16:35:00,16:35:00,CNR6378169687,Success,CID983030,Bike,MG Road,HSR Layout,56.0,135.0,,,No,,810,Cash,1,"4,5","4,1",810.0
2024-07-12 04:40:00,04:40:00,CNR1008189398,Success,CID872302,Prime Plus,Whitefield,RT Nagar,70.0,30.0,,,No,,851,UPI,1,"3,1","4,4",851.0
2024-07-11 20:16:00,20:16:00,CNR2142819976,Success,CID500668,Prime Plus,Rajarajeshwari Nagar,Hulimavu,147.0,45.0,,,No,,2529,Cash,3,"3,2","3,6",843.0
2024-07-02 23:56:00,23:56:00,CNR9248249574,Success,CID139675,eBike,Vijayanagar,Indiranagar,252.0,135.0,,,No,,1245,Cash,1,"3,7","4,9",1245.0
2024-07-03 04:47:00,04:47:00,CNR5140920376,Success,CID785085,Auto,Nagarbhavi,Hebbal,273.0,45.0,,,No,,2150,Cash,3,"3,6","3,2",716.6666666666666
2024-07-18 13:33:00,13:33:00,CNR4800859281,Success,CID804381,Auto,Nagarbhavi,Mysore Road,238.0,40.0,,,No,,2546,UPI,4,"4,3","4,3",636.5
2024-07-15 08:03:00,08:03:00,CNR6151365235,Success,CID274979,Prime Plus,Richmond Town,Nagarbhavi,63.0,135.0,,,No,,684,UPI,1,"3,4","3,1",684.0
2024-07-29 21:44:00,21:44:00,CNR7707928986,Success,CID707027,Mini,Yelahanka,Chamarajpet,147.0,75.0,,,No,,2914,UPI,6,"3,7","4,4",485.6666666666667
2024-07-07 16:07:00,16:07:00,CNR6466298285,Success,CID764192,Mini,Whitefield,Yeshwanthpur,294.0,80.0,,,No,,2515,Cash,2,4,"4,3",1257.5
2024-07-15 00:56:00,00:56:00,CNR3486781503,Success,CID317421,Auto,Richmond Town,Koramangala,56.0,60.0,,,No,,2368,Cash,3,"4,1","4,8",789.3333333333334
2024-07-20 15:51:00,15:51:00,CNR7520830903,Success,CID111801,Bike,HSR Layout,Malleshwaram,168.0,115.0,,,Yes,Vehicle Breakdown,2684,Cash,1,4,"4,3",2684.0
2024-07-18 03:56:00,03:56:00,CNR1704849981,Success,CID853869,Prime Sedan,Chamarajpet,Yeshwanthpur,210.0,130.0,,,Yes,Vehicle Breakdown,726,UPI,1,"4,2",3,726.0
2024-07-28 16:01:00,16:01:00,CNR6712858742,Success,CID519982,Prime Plus,Nagarbhavi,RT Nagar,56.0,45.0,,,No,,2854,Cash,4,"4,4","4,8",713.5
2024-07-01 10:50:00,10:50:00,CNR6846536420,Success,CID525113,Prime Sedan,Hosur Road,Kammanahalli,119.0,40.0,,,No,,1717,UPI,3,"3,6","3,4",572.3333333333334
2024-07-25 06:37:00,06:37:00,CNR4208661641,Success,CID967420,Auto,Kammanahalli,Cox Town,252.0,135.0,,,Yes,Customer Demand,2613,UPI,1,"4,6","4,9",2613.0
2024-07-04 13:55:00,13:55:00,CNR1068015666,Success,CID874404,Prime SUV,Devanahalli,MG Road,35.0,85.0,,,No,,1970,Cash,1,"4,5",4,1970.0
2024-07-02 20:21:00,20:21:00,CNR3773710966,Success,CID427884,Auto,Frazer Town,Ramamurthy Nagar,245.0,25.0,,,No,,2097,UPI,2,"4,1","3,3",1048.5
2024-07-04 12:20:00,12:20:00,CNR8804403764,Success,CID890856,Mini,Hulimavu,Banashankari,259.0,50.0,,,Yes,Vehicle Breakdown,1521,UPI,3,3,"4,7",507.0
2024-07-17 13:19:00,13:19:00,CNR1411659077,Success,CID702025,Prime Sedan,Bellandur,Cox Town,112.0,145.0,,,No,,665,Cash,1,5,"4,6",665.0
2024-07-17 19:54:00,19:54:00,CNR5800818285,Success,CID770648,Prime Plus,Cox Town,Rajarajeshwari Nagar,49.0,90.0,,,No,,2417,Cash,3,"3,6","4,3",805.6666666666666
2024-07-06 03:51:00,03:51:00,CNR7968449111,Success,CID832400,eBike,Hebbal,Banashankari,196.0,60.0,,,No,,788,Credit Card,1,"4,9","4,8",788.0
2024-07-13 22:39:00,22:39:00,CNR7135961180,Success,CID140580,Auto,Devanahalli,Tumkur Road,133.0,140.0,,,No,,1567,Cash,3,"3,2","4,2",522.3333333333334
2024-07-25 10:50:00,10:50:00,CNR8836483731,Success,CID806291,Prime Sedan,Peenya,RT Nagar,105.0,55.0,,,No,,491,Cash,1,"3,5","3,2",491.0
2024-07-02 15:45:00,15:45:00,CNR3524838425,Success,CID306856,Auto,Tumkur Road,Indiranagar,210.0,85.0,,,No,,2430,UPI,4,"3,2","4,9",607.5
2024-07-06 13:14:00,13:14:00,CNR5702049694,Success,CID326687,Prime Plus,Shantinagar,Hulimavu,203.0,110.0,,,Yes,Vehicle Breakdown,2159,UPI,2,"4,1","3,4",1079.5
2024-07-22 15:46:00,15:46:00,CNR1806136555,Success,CID107223,Bike,Vijayanagar,Indiranagar,259.0,70.0,,,No,,2427,Cash,5,"3,7","4,1",485.4
2024-07-18 20:07:00,20:07:00,CNR6904236008,Success,CID628493,Prime Sedan,Electronic City,Magadi Road,217.0,105.0,,,No,,2979,Cash,3,"3,6","4,6",993.0
2024-07-25 01:29:00,01:29:00,CNR5978150582,Success,CID331153,Auto,Chamarajpet,Shantinagar,280.0,125.0,,,No,,992,Cash,1,"3,7","3,8",992.0
2024-07-18 07:52:00,07:52:00,CNR3181570676,Success,CID982383,Bike,Rajajinagar,Malleshwaram,91.0,100.0,,,No,,898,UPI,1,"4,5","4,2",898.0
2024-07-11 10:04:00,10:04:00,CNR6192036495,Success,CID811869,Auto,Varthur,Yeshwanthpur,126.0,145.0,,,No,,962,Cash,1,"3,6","4,6",962.0
2024-07-30 17:08:00,17:08:00,CNR8511922530,Success,CID595548,Auto,Shantinagar,Bellandur,308.0,75.0,,,No,,739,Cash,1,"3,5","3,7",739.0
2024-07-05 04:32:00,04:32:00,CNR6463369308,Success,CID137202,Auto,Ramamurthy Nagar,Hebbal,217.0,115.0,,,No,,591,Cash,1,4,"4,2",591.0
2024-07-10 15:20:00,15:20:00,CNR5171837492,Success,CID132573,Prime Sedan,Indiranagar,Electronic City,63.0,30.0,,,No,,1067,Cash,1,"4,5","4,7",1067.0
2024-07-05 12:00:00,12:00:00,CNR1592022912,Success,CID478115,Auto,Ramamurthy Nagar,Nagarbhavi,280.0,40.0,,,Yes,Vehicle Breakdown,2722,Cash,3,"3,7","4,2",907.3333333333334
2024-07-25 01:22:00,01:22:00,CNR6262974040,Success,CID881033,Bike,Hosur Road,Yeshwanthpur,140.0,65.0,,,No,,958,UPI,1,"4,9","4,4",958.0
2024-07-29 20:30:00,20:30:00,CNR2820214621,Success,CID646127,Auto,Jayanagar,Hebbal,133.0,70.0,,,No,,2630,Cash,4,"4,7",5,657.5
2024-07-25 07:12:00,07:12:00,CNR1186808003,Success,CID665787,Prime Sedan,JP Nagar,Sarjapur Road,168.0,40.0,,,No,,2012,Cash,3,"4,2","4,4",670.6666666666666
2024-07-26 02:08:00,02:08:00,CNR5838412921,Success,CID696116,Prime SUV,Rajajinagar,Rajarajeshwari Nagar,77.0,115.0,,,No,,2897,Credit Card,3,"3,8","3,9",965.6666666666666
2024-07-16 00:02:00,00:02:00,CNR7095696346,Success,CID513112,eBike,Kengeri,Bellandur,231.0,105.0,,,No,,501,Cash,1,"3,1","3,7",501.0
2024-07-09 21:04:00,21:04:00,CNR3491193727,Success,CID938857,eBike,Peenya,Chamarajpet,63.0,145.0,,,No,,2159,Credit Card,3,3,"3,9",719.6666666666666
2024-07-23 23:08:00,23:08:00,CNR3774765519,Success,CID966984,Prime SUV,Richmond Town,Langford Town,42.0,90.0,,,No,,647,UPI,1,"4,9",4,647.0
2024-07-08 14:29:00,14:29:00,CNR2614247673,Success,CID770530,eBike,Banashankari,Yeshwanthpur,35.0,45.0,,,No,,2210,Cash,4,3,"4,7",552.5
2024-07-02 13:42:00,13:42:00,CNR4223186261,Success,CID761098,Auto,Chamarajpet,JP Nagar,245.0,115.0,,,No,,635,Cash,1,5,"4,1",635.0
2024-07-30 16:29:00,16:29:00,CNR5333482734,Success,CID412305,Auto,MG Road,Hennur,224.0,85.0,,,No,,2097,UPI,1,"3,4","3,8",2097.0
2024-07-09 12:36:00,12:36:00,CNR4393874707,Success,CID353160,Prime Sedan,Peenya,KR Puram,238.0,30.0,,,No,,2185,Cash,3,"3,1","3,2",728.3333333333334
2024-07-27 12:28:00,12:28:00,CNR2717235417,Success,CID923933,Auto,Banashankari,Kadugodi,203.0,140.0,,,No,,965,Cash,1,"4,2","3,3",965.0
2024-07-06 07:43:00,07:43:00,CNR8535191336,Success,CID797261,Auto,Chamarajpet,Padmanabhanagar,252.0,95.0,,,No,,2756,Cash,5,"3,2","3,6",551.2
2024-07-26 20:36:00,20:36:00,CNR8719124075,Success,CID991457,Auto,Sahakar Nagar,Hulimavu,210.0,125.0,,,No,,2709,Cash,1,"3,9","3,7",2709.0
2024-07-07 17:23:00,17:23:00,CNR9205489572,Success,CID668456,eBike,Whitefield,Malleshwaram,147.0,90.0,,,No,,2805,UPI,3,"4,1","3,4",935.0
2024-07-27 04:10:00,04:10:00,CNR4988552378,Success,CID157292,Prime Sedan,Banashankari,Hulimavu,84.0,30.0,,,No,,1803,UPI,1,"4,6",4,1803.0
2024-07-14 11:05:00,11:05:00,CNR7302289571,Success,CID964086,Prime Sedan,Yeshwanthpur,Bannerghatta Road,168.0,100.0,,,No,,2733,UPI,3,"3,7","4,8",911.0
2024-07-18 03:43:00,03:43:00,CNR3028376361,Success,CID228585,Auto,Richmond Town,Shantinagar,91.0,130.0,,,No,,2327,Cash,1,"3,6","3,7",2327.0
2024-07-24 01:33:00,01:33:00,CNR6277613578,Success,CID103042,Mini,Devanahalli,Whitefield,161.0,75.0,,,No,,2190,Cash,3,"4,1","4,7",730.0
2024-07-31 10:29:00,10:29:00,CNR3406023491,Success,CID247449,Mini,Richmond Town,Langford Town,84.0,145.0,,,No,,2542,UPI,2,"3,5","4,1",1271.0
2024-07-31 11:15:00,11:15:00,CNR4418204484,Success,CID645793,Auto,HSR Layout,Hosur Road,133.0,145.0,,,No,,2388,Cash,4,"4,4","3,6",597.0
2024-07-31 00:11:00,00:11:00,CNR3148683136,Success,CID703583,Prime SUV,Shivajinagar,Indiranagar,63.0,125.0,,,No,,1033,Cash,2,"4,1","3,6",516.5
2024-07-31 08:02:00,08:02:00,CNR4619124679,Success,CID501578,Bike,JP Nagar,Shivajinagar,224.0,130.0,,,No,,2655,Cash,4,"3,1","4,4",663.75
2024-07-31 03:07:00,03:07:00,CNR1675481647,Success,CID801387,Mini,Shivajinagar,Peenya,49.0,75.0,,,No,,615,UPI,1,"4,2","4,9",615.0
2024-07-31 04:33:00,04:33:00,CNR3662913686,Success,CID868427,eBike,Ramamurthy Nagar,MG Road,56.0,45.0,,,No,,2944,Cash,3,"4,6","4,8",981.3333333333334
2024-07-31 18:01:00,18:01:00,CNR1845141816,Success,CID953810,Auto,Varthur,Marathahalli,91.0,30.0,,,No,,809,UPI,1,"3,9","3,4",809.0
2024-07-31 13:43:00,13:43:00,CNR6490286482,Success,CID367560,Prime SUV,Frazer Town,Sarjapur Road,112.0,115.0,,,No,,2109,Cash,2,"3,1","4,5",1054.5
2024-07-31 17:43:00,17:43:00,CNR3009573096,Success,CID738485,Auto,Devanahalli,Indiranagar,280.0,25.0,,,No,,2851,UPI,2,"3,8","3,4",1425.5
2024-07-31 14:17:00,14:17:00,CNR3043933092,Success,CID747844,Bike,Electronic City,Kadugodi,301.0,50.0,,,No,,532,UPI,1,"4,5",3,532.0
2024-07-31 15:48:00,15:48:00,CNR4163914114,Success,CID614929,Prime SUV,Ramamurthy Nagar,Magadi Road,273.0,60.0,,,No,,602,Cash,1,"4,7","3,2",602.0
2024-07-31 20:53:00,20:53:00,CNR7590027572,Success,CID449704,Mini,Basavanagudi,Yelahanka,112.0,40.0,,,No,,2222,Cash,2,"3,5","3,8",1111.0
2024-07-31 00:07:00,00:07:00,CNR9163229159,Success,CID416459,Mini,Tumkur Road,Cox Town,259.0,50.0,,,No,,1941,Cash,2,"3,4","4,4",970.5
2024-07-31 13:28:00,13:28:00,CNR4967204932,Success,CID353074,Prime Plus,Yelahanka,KR Puram,133.0,120.0,,,No,,2841,Cash,4,"3,9","4,5",710.25
2024-07-31 08:21:00,08:21:00,CNR9723719727,Success,CID883613,Mini,Banashankari,Rajajinagar,126.0,120.0,,,No,,1762,Cash,1,5,"4,7",1762.0
2024-07-31 04:10:00,04:10:00,CNR4923784988,Success,CID157292,Prime Sedan,Banashankari,Hulimavu,84.0,30.0,,,No,,1803,UPI,1,"4,6",4,1803.0
2024-07-31 11:05:00,11:05:00,CNR7395717302,Success,CID964086,Prime Sedan,Yeshwanthpur,Bannerghatta Road,168.0,100.0,,,No,,2733,UPI,3,"3,7","4,8",911.0
2024-07-31 03:43:00,03:43:00,CNR3063613028,Success,CID228585,Auto,Richmond Town,Shantinagar,91.0,130.0,,,No,,2327,Cash,1,"3,6","3,7",2327.0
2024-07-31 01:33:00,01:33:00,CNR6235786277,Success,CID103042,Mini,Devanahalli,Whitefield,161.0,75.0,,,No,,2190,Cash,3,"4,1","4,7",730.0
2024-07-31 18:16:00,18:16:00,CNR2250792217,Success,CID408436,eBike,JP Nagar,Richmond Town,147.0,85.0,,,No,,710,Cash,1,4,"3,8",710.0
2024-07-31 01:44:00,01:44:00,CNR5850605885,Success,CID380949,Auto,Banashankari,Rajajinagar,147.0,135.0,,,No,,822,UPI,1,"4,5","4,8",822.0
2024-07-31 09:53:00,09:53:00,CNR9187929105,Success,CID670783,Prime Sedan,Hulimavu,Kengeri,217.0,100.0,,,Yes,Vehicle Breakdown,804,Debit Card,1,"3,1","3,4",804.0
2024-07-31 02:23:00,02:23:00,CNR2192482158,Success,CID225075,Prime Sedan,Whitefield,Indiranagar,133.0,30.0,,,No,,545,Cash,1,"4,3",4,545.0
2024-07-31 02:38:00,02:38:00,CNR5439375441,Success,CID357864,Prime Sedan,Shivajinagar,Rajarajeshwari Nagar,203.0,60.0,,,No,,2280,Cash,1,"3,3","4,4",2280.0
2024-07-31 00:34:00,00:34:00,CNR4766314724,Success,CID335482,Auto,Hebbal,Indiranagar,273.0,30.0,,,No,,702,Cash,1,"4,5",5,702.0
2024-07-31 07:01:00,07:01:00,CNR5427755403,Success,CID406104,Auto,BTM Layout,Cox Town,175.0,135.0,,,Yes,Other Issue,1478,UPI,1,"3,8","4,2",1478.0
